frame,t,gripper_id,px,py,pz,qw,qx,qy,qz,jaw_open
0,26.0023,0,0.008323062,0.0174004,0,0, 1, 0, 0,1
1,26.03529,0,0.008323062,0.0174004,0,0, 1, 0, 0,1
2,26.05657,0,0.008323062,0.0174004,0,0, 1, 0, 0,1
3,26.07955,0,0.008323062,0.0174004,0,0, 1, 0, 0,1
4,26.10222,0,0.008323062,0.0174004,0,0, 1, 0, 0,1
5,26.1248,0,0.008323062,0.0174004,0,0, 1, 0, 0,1
6,26.14635,0,0.008323062,0.0174004,0,0, 1, 0, 0,1
7,26.16928,0,0.008323062,0.0174004,0,0, 1, 0, 0,1
8,26.1904,0,0.008323062,0.0174004,0,0, 1, 0, 0,1
9,26.21792,0,0.008323062,0.0174004,0,0, 1, 0, 0,1
10,26.24021,0,0.008323062,0.0174004,0,0, 1, 0, 0,1
11,26.2622,0,0.008323062,0.0174004,0,0, 1, 0, 0,1
12,26.28461,0,0.008323062,0.0174004,0,0, 1, 0, 0,1
13,26.30652,0,0.008323062,0.0174004,0,0, 1, 0, 0,1
14,26.32788,0,0.008323062,0.0174004,0,0, 1, 0, 0,1
15,26.35002,0,0.008323062,0.0174004,0,0, 1, 0, 0,1
16,26.3718,0,0.008323062,0.0174004,0,0, 1, 0, 0,1
17,26.39352,0,0.008323062,0.0174004,0,0, 1, 0, 0,1
18,26.4152,0,0.008323062,0.0174004,0,0, 1, 0, 0,1
19,26.43744,0,0.008323062,0.0174004,0,0, 1, 0, 0,1
20,26.45883,0,0.008323062,0.0174004,0,0, 1, 0, 0,1
21,26.48184,0,0.008323062,0.0174004,0,0, 1, 0, 0,1
22,26.50385,0,0.008323062,0.0174004,0,0, 1, 0, 0,1
23,26.52531,0,0.008323062,0.0174004,0,0, 1, 0, 0,1
24,26.54604,0,0.008323062,0.0174004,0,0, 1, 0, 0,1
25,26.56776,0,0.008323062,0.0174004,0,0, 1, 0, 0,1
26,26.58912,0,0.008323062,0.0174004,0,0, 1, 0, 0,1
27,26.61115,0,0.008323062,0.0174004,0,0, 1, 0, 0,1
28,26.63266,0,0.008323062,0.0174004,0,0, 1, 0, 0,1
29,26.65439,0,0.008323062,0.0174004,0,0, 1, 0, 0,1
30,26.67598,0,0.008323062,0.0174004,0,0, 1, 0, 0,1
31,26.70886,0,0.008323062,0.0174004,0,0, 1, 0, 0,1
32,26.72953,0,0.008323062,0.0174004,0,0, 1, 0, 0,1
33,26.75131,0,0.008323062,0.0174004,0,0, 1, 0, 0,1
34,26.77259,0,0.008323062,0.0174004,0,0, 1, 0, 0,1
35,26.79504,0,0.008323062,0.0174004,0,0, 1, 0, 0,1
36,26.81719,0,0.008323062,0.0174004,0,0, 1, 0, 0,1
37,26.83889,0,0.008323062,0.0174004,0,0, 1, 0, 0,1
38,26.86028,0,0.008323062,0.0174004,0,0, 1, 0, 0,1
39,26.8837,0,0.008323062,0.0174004,0,0, 1, 0, 0,1
40,26.90509,0,0.008323062,0.0174004,0,0, 1, 0, 0,1
41,26.92689,0,0.008323062,0.0174004,0,0, 1, 0, 0,1
42,26.94843,0,0.008323062,0.0174004,0,0, 1, 0, 0,1
43,26.96972,0,0.008323062,0.0174004,0,0, 1, 0, 0,1
44,26.99111,0,0.008323062,0.0174004,0,0, 1, 0, 0,1
45,27.01244,0,0.008323062,0.0174004,0,0, 1, 0, 0,1
46,27.03455,0,0.008323062,0.0174004,0,0, 1, 0, 0,1
47,27.05536,0,0.008323062,0.0174004,0,0, 1, 0, 0,1
48,27.07709,0,0.008323062,0.0174004,0,0, 1, 0, 0,1
49,27.09854,0,0.008323062,0.0174004,0,0, 1, 0, 0,1
50,27.12022,0,0.008323062,0.0174004,0,0, 1, 0, 0,1
51,27.14152,0,0.008323062,0.0174004,0,0, 1, 0, 0,1
52,27.16315,0,0.008323062,0.0174004,0,0, 1, 0, 0,1
53,27.1859,0,0.008323062,0.0174004,0,0, 1, 0, 0,1
54,27.20706,0,0.008323062,0.0174004,0,0, 1, 0, 0,1
55,27.22881,0,0.008323062,0.0174004,0,0, 1, 0, 0,1
56,27.25029,0,0.008323062,0.0174004,0,0, 1, 0, 0,1
57,27.2718,0,0.008323062,0.0174004,0,0, 1, 0, 0,1
58,27.29353,0,0.008323062,0.0174004,0,0, 1, 0, 0,1
59,27.31446,0,0.008323062,0.0174004,0,0, 1, 0, 0,1
60,27.33655,0,0.008323062,0.0174004,0,0, 1, 0, 0,1
61,27.3573,0,0.008323062,0.0174004,0,0, 1, 0, 0,1
62,27.37809,0,0.008323062,0.0174004,0,0, 1, 0, 0,1
63,27.40072,0,0.008323062,0.0174004,0,0, 1, 0, 0,1
64,27.42462,0,0.008323062,0.0174004,0,0, 1, 0, 0,1
65,27.44624,0,0.008323062,0.0174004,0,0, 1, 0, 0,1
66,27.4679,0,0.008323062,0.0174004,0,0, 1, 0, 0,1
67,27.48925,0,0.008323062,0.0174004,0,0, 1, 0, 0,1
68,27.51204,0,0.008323062,0.0174004,0,0, 1, 0, 0,1
69,27.5344,0,0.008323062,0.0174004,0,0, 1, 0, 0,1
70,27.55862,0,0.008323062,0.0174004,0,0, 1, 0, 0,1
71,27.58174,0,0.008323062,0.0174004,0,0, 1, 0, 0,1
72,27.6045,0,0.008323062,0.0174004,0,0, 1, 0, 0,1
73,27.62745,0,0.008323062,0.0174004,0,0, 1, 0, 0,1
74,27.64989,0,0.008323062,0.0174004,0,0, 1, 0, 0,1
75,27.67112,0,0.008323062,0.0174004,0,0, 1, 0, 0,1
76,27.69391,0,0.008323062,0.0174004,0,0, 1, 0, 0,1
77,27.71619,0,0.008323062,0.0174004,0,0, 1, 0, 0,1
78,27.73832,0,0.008323062,0.0174004,0,0, 1, 0, 0,1
79,27.76348,0,0.008323062,0.0174004,0,0, 1, 0, 0,1
80,27.79023,0,0.008323062,0.0174004,0,0, 1, 0, 0,1
81,27.82168,0,0.008323062,0.0174004,0,0, 1, 0, 0,1
82,27.84712,0,0.008323062,0.0174004,0,0, 1, 0, 0,1
83,27.87057,0,0.008323062,0.0174004,0,0, 1, 0, 0,1
84,27.89363,0,0.008323062,0.0174004,0,0, 1, 0, 0,1
85,27.9166,0,0.008323062,0.0174004,0,0, 1, 0, 0,1
86,27.93848,0,0.008323062,0.0174004,0,0, 1, 0, 0,1
87,27.96207,0,0.008323062,0.0174004,0,0, 1, 0, 0,1
88,28.02276,0,0.008323062,0.0174004,0,0, 1, 0, 0,0
89,28.04987,0,0.008323062,0.0174004,0,0, 1, 0, 0,0
90,28.08278,0,0.008323062,0.0174004,0,0, 1, 0, 0,0
91,28.11748,0,0.008323062,0.0174004,0,0, 1, 0, 0,0
92,28.15594,0,0.008323062,0.0174004,0,0, 1, 0, 0,0
93,28.19423,0,0.008323062,0.0174004,0,0, 1, 0, 0,0
94,28.23394,0,0.008323062,0.0174004,0,0, 1, 0, 0,0
95,28.25748,0,0.008323062,0.0174004,0,0, 1, 0, 0,0
96,28.28096,0,0.008323062,0.0174004,0,0, 1, 0, 0,0
97,28.30493,0,0.008323062,0.0174004,0,0, 1, 0, 0,0
98,28.32769,0,0.008323062,0.0174004,0,0, 1, 0, 0,0
99,28.35028,0,0.008323062,0.0174004,0,0, 1, 0, 0,0
100,28.3757,0,0.008323062,0.0174004,0,0, 1, 0, 0,0
101,28.39821,0,0.008323062,0.0174004,0,0, 1, 0, 0,0
102,28.42071,0,0.008323062,0.0174004,0,0, 1, 0, 0,0
103,28.44301,0,0.008323062,0.0174004,0,0, 1, 0, 0,0
104,28.4658,0,0.008323062,0.0174004,0,0, 1, 0, 0,0
105,28.48867,0,0.008323062,0.0174004,0,0, 1, 0, 0,0
106,28.51214,0,0.008323062,0.0174004,0,0, 1, 0, 0,0
107,28.5355,0,0.008323062,0.0174004,0,0, 1, 0, 0,0
108,28.55717,0,0.008323062,0.0174004,0,0, 1, 0, 0,0
109,28.5795,0,0.008323062,0.0174004,0,0, 1, 0, 0,0
110,28.60266,0,0.008323062,0.0174004,0,0, 1, 0, 0,0
111,28.62469,0,0.008323062,0.0174004,0,0, 1, 0, 0,0
112,28.64683,0,0.008323062,0.0174004,0,0, 1, 0, 0,0
113,28.66924,0,0.008323062,0.0174004,0,0, 1, 0, 0,0
114,28.69188,0,0.008323062,0.0174004,0,0, 1, 0, 0,0
115,28.71433,0,0.008323062,0.0174004,0,0, 1, 0, 0,0
116,28.73602,0,0.008323062,0.0174004,0,0, 1, 0, 0,0
117,28.75801,0,0.008323062,0.0174004,0,0, 1, 0, 0,0
118,28.78022,0,0.008323062,0.0174004,0,0, 1, 0, 0,0
119,28.80279,0,0.008323062,0.0174004,0,0, 1, 0, 0,0
120,28.82785,0,0.008323062,0.0174004,0,0, 1, 0, 0,0
121,28.85079,0,0.008323062,0.0174004,0,0, 1, 0, 0,0
122,28.87341,0,0.008323062,0.0174004,0,0, 1, 0, 0,0
123,28.89509,0,0.008323062,0.0174004,0,0, 1, 0, 0,0
124,28.91923,0,0.008323062,0.0174004,0,0, 1, 0, 0,0
125,28.94262,0,0.008323062,0.0174004,0,0, 1, 0, 0,0
126,28.96524,0,0.008323062,0.0174004,0,0, 1, 0, 0,0
127,28.98769,0,0.008323062,0.0174004,0,0, 1, 0, 0,0
128,29.01004,0,0.008323062,0.0174004,0,0, 1, 0, 0,0
129,29.0331,0,0.008323062,0.0174004,0,0, 1, 0, 0,0
130,29.05522,0,0.008323062,0.0174004,0,0, 1, 0, 0,0
131,29.07676,0,0.008323062,0.0174004,0,0, 1, 0, 0,0
132,29.09921,0,0.008323062,0.0174004,0,0, 1, 0, 0,0
133,29.12391,0,0.008323062,0.0174004,0,0, 1, 0, 0,0
134,29.14716,0,0.008323062,0.0174004,0,0, 1, 0, 0,0
135,29.16972,0,0.008323062,0.0174004,0,0, 1, 0, 0,0
136,29.19307,0,0.008323062,0.0174004,0,0, 1, 0, 0,0
137,29.21498,0,0.008323062,0.0174004,0,0, 1, 0, 0,0
138,29.23713,0,0.008323062,0.0174004,0,0, 1, 0, 0,0
139,29.25918,0,0.008323062,0.0174004,0,0, 1, 0, 0,0
140,29.28227,0,0.008323062,0.0174004,0,0, 1, 0, 0,0
141,29.30371,0,0.008323062,0.0174004,0,0, 1, 0, 0,0
142,29.32583,0,0.008323062,0.0174004,0,0, 1, 0, 0,0
143,29.34808,0,0.008323062,0.0174004,0,0, 1, 0, 0,0
144,29.37004,0,0.008323062,0.0174004,0,0, 1, 0, 0,0
145,29.39179,0,0.008323062,0.0174004,0,0, 1, 0, 0,0
146,29.41479,0,0.008323062,0.0174004,0,0, 1, 0, 0,0
147,29.44162,0,0.008323062,0.0174004,0.00459826,0, 1, 0, 0,0
148,29.46813,0,0.008323062,0.0174004,0.009965301,0, 1, 0, 0,0
149,29.49532,0,0.008323062,0.0174004,0.01526642,0, 1, 0, 0,0
150,29.52281,0,0.008323062,0.0174004,0.02070451,0, 1, 0, 0,0
151,29.56177,0,0.008323062,0.0174004,0.02620351,0, 1, 0, 0,0
152,29.58671,0,0.008323062,0.0174004,0.03399599,0, 1, 0, 0,0
153,29.61057,0,0.008323062,0.0174004,0.03898251,0, 1, 0, 0,0
154,29.63341,0,0.008323062,0.0174004,0.04375541,0, 1, 0, 0,0
155,29.65727,0,0.008323062,0.0174004,0.0483228,0, 1, 0, 0,0
156,29.68068,0,0.008323062,0.0174004,0.05309451,0, 1, 0, 0,0
157,29.7045,0,0.008323062,0.0174004,0.05777752,0, 1, 0, 0,0
158,29.73739,0,0.008323062,0.0174004,0.06254137,0, 1, 0, 0,0
159,29.76135,0,0.008323062,0.0174004,0.06911898,0, 1, 0, 0,0
160,29.78466,0,0.008323062,0.0174004,0.07391095,0, 1, 0, 0,0
161,29.80692,0,0.008323062,0.0174004,0.07857358,0, 1, 0, 0,0
162,29.83029,0,0.008323062,0.0174004,0.08302534,0, 1, 0, 0,0
163,29.85408,0,0.008323062,0.0174004,0.08769894,0, 1, 0, 0,0
164,29.87695,0,0.008323062,0.0174004,0.09245729,0, 1, 0, 0,0
165,29.90143,0,0.008323062,0.0174004,0.09703171,0, 1, 0, 0,0
166,29.92558,0,0.008323062,0.0174004,0.1019264,0, 1, 0, 0,0
167,29.95116,0,0.008323062,0.0174004,0.1067569,0, 1, 0, 0,0
168,29.9759,0,0.008323062,0.0174004,0.1118724,0, 1, 0, 0,0
169,30.00082,0,0.008323062,0.0174004,0.1168202,0, 1, 0, 0,0
170,30.0244,0,0.008323062,0.0174004,0.121805,0, 1, 0, 0,0
171,30.05026,0,0.008323062,0.0174004,0.1265212,0, 1, 0, 0,0
172,30.07399,0,0.008323062,0.0174004,0.1316923,0, 1, 0, 0,0
173,30.09814,0,0.008323062,0.0174004,0.1364391,0, 1, 0, 0,0
174,30.123,0,0.008323062,0.0174004,0.1412697,0, 1, 0, 0,0
175,30.14648,0,0.008323062,0.0174004,0.14624,0, 1, 0, 0,0
176,30.17124,0,0.008323062,0.0174004,0.1509367,0, 1, 0, 0,0
177,30.19786,0,0.008323062,0.0174004,0.1558895,0, 1, 0, 0,0
178,30.22234,0,0.008323062,0.0174004,0.1612139,0, 1, 0, 0,0
179,30.24646,0,0.008323062,0.0174004,0.1661083,0, 1, 0, 0,0
180,30.2703,0,0.008323062,0.0174004,0.1709331,0, 1, 0, 0,0
181,30.29262,0,0.008323062,0.0174004,0.175701,0, 1, 0, 0,0
182,30.31616,0,0.008323062,0.0174004,0.1801651,0, 1, 0, 0,0
183,30.33973,0,0.008323062,0.0174004,0.1848738,0, 1, 0, 0,0
184,30.36324,0,0.008323062,0.0174004,0.1895876,0, 1, 0, 0,0
185,30.38612,0,0.008323062,0.0174004,0.1942887,0, 1, 0, 0,0
186,30.41084,0,0.008323062,0.0174004,0.1988641,0, 1, 0, 0,0
187,30.43521,0,0.008323062,0.0174004,0.2038078,0, 1, 0, 0,0
188,30.4659,0,0.008323062,0.0174004,0.2086823,0, 1, 0, 0,0
189,30.49434,0,0.008323062,0.0174004,0.2148206,0, 1, 0, 0,0
190,30.53282,0,0.008323062,0.0174004,0.2205092,0, 1, 0, 0,0
191,30.57405,0,0.008323062,0.0174004,0.2282046,0, 1, 0, 0,0
192,30.59684,0,0.008323062,0.0174004,0.2364515,0, 1, 0, 0,0
193,30.62073,0,0.008323062,0.0174004,0.2410086,0, 1, 0, 0,0
194,30.6452,0,0.008323062,0.0174004,0.2457863,0, 1, 0, 0,0
195,30.6688,0,0.008323062,0.0174004,0.2506815,0, 1, 0, 0,0
196,30.69279,0,0.008323062,0.0174004,0.2554004,0, 1, 0, 0,0
197,30.71553,0,0.008323062,0.0174004,0.2601992,0, 1, 0, 0,0
198,30.73954,0,0.008323062,0.0174004,0.2647468,0, 1, 0, 0,0
199,30.76317,0,0.008323062,0.0174004,0.2695489,0, 1, 0, 0,0
200,30.78998,0,0.008323062,0.0174004,0.2742746,0, 1, 0, 0,0
201,30.81392,0,0.008323062,0.0174004,0.2796376,0, 1, 0, 0,0
202,30.83851,0,0.008323062,0.0174004,0.2844243,0, 1, 0, 0,0
203,30.86473,0,0.008323062,0.0174004,0.2893429,0, 1, 0, 0,0
204,30.88956,0,0.008323062,0.0174004,0.2945862,0, 1, 0, 0,0
205,30.91413,0,0.008323062,0.0174004,0.2995522,0, 1, 0, 0,0
206,30.93942,0,0.008323062,0.0174004,0.3044676,0, 1, 0, 0,0
207,30.96219,0,0.008323062,0.0174004,0.3095244,0, 1, 0, 0,0
208,30.98538,0,0.008323062,0.0174004,0.3140783,0, 1, 0, 0,0
209,31.00968,0,0.008323062,0.0174004,0.3187172,0, 1, 0, 0,0
210,31.0334,0,0.008323062,0.0174004,0.3235768,0, 1, 0, 0,0
211,31.05735,0,0.008323062,0.0174004,0.3283206,0, 1, 0, 0,0
212,31.08095,0,0.008323062,0.0174004,0.3331116,0, 1, 0, 0,0
213,31.10513,0,0.008323062,0.0174004,0.3378309,0, 1, 0, 0,0
214,31.12775,0,0.008323062,0.0174004,0.3426672,0, 1, 0, 0,0
215,31.15163,0,0.008323062,0.0174004,0.34719,0, 1, 0, 0,0
216,31.17526,0,0.008323062,0.0174004,0.3519664,0, 1, 0, 0,0
217,31.20189,0,0.008323062,0.0174004,0.3566927,0, 1, 0, 0,0
218,31.22425,0,0.008323062,0.0174004,0.36202,0, 1, 0, 0,0
219,31.25057,0,0.008323062,0.0174004,0.3664899,0, 1, 0, 0,0
220,31.27483,0,0.008323062,0.02112322,0.3702127,0, 1, 0, 0,0
221,31.29697,0,0.008323062,0.02455448,0.373644,0, 1, 0, 0,0
222,31.31994,0,0.008323062,0.0276851,0.3767747,0, 1, 0, 0,0
223,31.34311,0,0.008323062,0.03093362,0.3800232,0, 1, 0, 0,0
224,31.36732,0,0.008323062,0.0355688,0.3800232,0, 1, 0, 0,0
225,31.39072,0,0.008323062,0.04041018,0.3800232,0, 1, 0, 0,0
226,31.41517,0,0.008323062,0.04508922,0.3800232,0, 1, 0, 0,0
227,31.43853,0,0.008323062,0.04998006,0.3800232,0, 1, 0, 0,0
228,31.46091,0,0.008323062,0.0546522,0.3800232,0, 1, 0, 0,0
229,31.48364,0,0.008323062,0.05912794,0.3800232,0, 1, 0, 0,0
230,31.50714,0,0.008323062,0.06367346,0.3800232,0, 1, 0, 0,0
231,31.53013,0,0.008323062,0.06837348,0.3800232,0, 1, 0, 0,0
232,31.55284,0,0.008323062,0.0729722,0.3800232,0, 1, 0, 0,0
233,31.57628,0,0.008323062,0.0775127,0.3800232,0, 1, 0, 0,0
234,31.5996,0,0.008323062,0.08220121,0.3800232,0, 1, 0, 0,0
235,31.62284,0,0.008323062,0.08686558,0.3800232,0, 1, 0, 0,0
236,31.64522,0,0.008323062,0.09151366,0.3800232,0, 1, 0, 0,0
237,31.66826,0,0.008323062,0.09599012,0.3800232,0, 1, 0, 0,0
238,31.69224,0,0.008323062,0.1005979,0.3800232,0, 1, 0, 0,0
239,31.71506,0,0.008323062,0.1053934,0.3800232,0, 1, 0, 0,0
240,31.7378,0,0.008323062,0.1099568,0.3800232,0, 1, 0, 0,0
241,31.7619,0,0.008323062,0.1145053,0.3800232,0, 1, 0, 0,0
242,31.78608,0,0.008323062,0.1193253,0.3800232,0, 1, 0, 0,0
243,31.80883,0,0.008323062,0.1241613,0.3800232,0, 1, 0, 0,0
244,31.83314,0,0.008323062,0.1287113,0.3800232,0, 1, 0, 0,0
245,31.86207,0,0.008323062,0.1335742,0.3800232,0, 1, 0, 0,0
246,31.8861,0,0.008323062,0.1393595,0.3800232,0, 1, 0, 0,0
247,31.90958,0,0.008323062,0.1441646,0.3800232,0, 1, 0, 0,0
248,31.93459,0,0.008323062,0.148861,0.3800232,0, 1, 0, 0,0
249,31.95817,0,0.008323062,0.1538645,0.3800232,0, 1, 0, 0,0
250,31.98236,0,0.008323062,0.1585793,0.3800232,0, 1, 0, 0,0
251,32.00611,0,0.008323062,0.1634176,0.3800232,0, 1, 0, 0,0
252,32.02999,0,0.008323062,0.1681679,0.3800232,0, 1, 0, 0,0
253,32.05492,0,0.008323062,0.1729431,0.3800232,0, 1, 0, 0,0
254,32.07738,0,0.008323062,0.1779295,0.3800232,0, 1, 0, 0,0
255,32.10193,0,0.008323062,0.1824214,0.3800232,0, 1, 0, 0,0
256,32.12524,0,0.008323062,0.1873314,0.3800232,0, 1, 0, 0,0
257,32.14832,0,0.008323062,0.1919933,0.3800232,0, 1, 0, 0,0
258,32.17275,0,0.008323062,0.1966107,0.3800232,0, 1, 0, 0,0
259,32.20057,0,0.008323062,0.2014965,0.3800232,0, 1, 0, 0,0
260,32.22417,0,0.008323062,0.2070604,0.3800232,0, 1, 0, 0,0
261,32.24876,0,0.008323062,0.2117793,0.3800232,0, 1, 0, 0,0
262,32.2728,0,0.008323062,0.2152565,0.3835005,0, 1, 0, 0,0
263,32.29684,0,0.008323062,0.2186577,0.3869016,0, 1, 0, 0,0
264,32.31915,0,0.008323062,0.2220568,0.3903008,0, 1, 0, 0,0
265,32.34303,0,0.008323062,0.2252121,0.393456,0, 1, 0, 0,0
266,32.36637,0,0.008323062,0.2285888,0.3968327,0, 1, 0, 0,0
267,32.3902,0,0.008323062,0.2318897,0.4001336,0, 1, 0, 0,0
268,32.41363,0,0.008323062,0.2352596,0.4035035,0, 1, 0, 0,0
269,32.43795,0,0.008323062,0.2385738,0.4068177,0, 1, 0, 0,0
270,32.46069,0,0.008323062,0.2420133,0.4102572,0, 1, 0, 0,0
271,32.49879,0,0.008323062,0.2452284,0.4134723,0, 1, 0, 0,0
272,32.52092,0,0.008323062,0.2506174,0.4188613,0, 1, 0, 0,0
273,32.54509,0,0.008323062,0.2537467,0.4219905,0, 1, 0, 0,0
274,32.56953,0,0.008323062,0.2571651,0.425409,0, 1, 0, 0,0
275,32.59268,0,0.008323062,0.2606212,0.4288651,0, 1, 0, 0,0
276,32.61669,0,0.008323062,0.2638953,0.4321392,0, 1, 0, 0,0
277,32.63988,0,0.008323062,0.2672907,0.4355346,0, 1, 0, 0,0
278,32.6635,0,0.008323062,0.2705705,0.4388144,0, 1, 0, 0,0
279,32.6895,0,0.008323062,0.2739097,0.4421537,0, 1, 0, 0,0
280,32.71346,0,0.008323062,0.2775874,0.4458314,0, 1, 0, 0,0
281,32.73856,0,0.008323062,0.2809753,0.4492193,0, 1, 0, 0,0
282,32.7614,0,0.008323062,0.2845257,0.4527698,0, 1, 0, 0,0
283,32.78601,0,0.008323062,0.2877555,0.4559996,0, 1, 0, 0,0
284,32.81051,0,0.008323062,0.2912364,0.4594805,0, 1, 0, 0,0
285,32.84309,0,0.008323062,0.2947005,0.4629446,0, 1, 0, 0,0
286,32.87351,0,0.008323062,0.2993084,0.4675525,0, 1, 0, 0,0
287,32.91162,0,0.008323062,0.3036098,0.471854,0, 1, 0, 0,0
288,32.95373,0,0.008323062,0.3089992,0.4772433,0, 1, 0, 0,0
289,32.97825,0,0.008323062,0.3149546,0.4831986,0, 1, 0, 0,0
290,33.00131,0,0.008323062,0.3184231,0.4866672,0, 1, 0, 0,0
291,33.02538,0,0.008323062,0.3216837,0.4899278,0, 1, 0, 0,0
292,33.04999,0,0.008323062,0.3250883,0.4933324,0, 1, 0, 0,0
293,33.07578,0,0.008323062,0.3285682,0.4968123,0, 1, 0, 0,0
294,33.10036,0,0.008323062,0.3322159,0.50046,0, 1, 0, 0,0
295,33.12796,0,0.008323062,0.3356914,0.5039355,0, 1, 0, 0,0
296,33.15417,0,0.008323062,0.3395941,0.5078381,0, 1, 0, 0,0
297,33.17681,0,0.008323062,0.3433013,0.5115453,0, 1, 0, 0,0
298,33.20309,0,0.008323062,0.3465028,0.5147468,0, 1, 0, 0,0
299,33.22823,0,0.008323062,0.3502201,0.5184642,0, 1, 0, 0,0
300,33.2552,0,0.008323062,0.3537747,0.5220188,0, 1, 0, 0,0
301,33.2794,0,0.008323062,0.3575889,0.525833,0, 1, 0, 0,0
302,33.30234,0,0.008323062,0.3610118,0.529256,0, 1, 0, 0,0
303,33.32688,0,0.008323062,0.3642562,0.5325004,0, 1, 0, 0,0
304,33.35084,0,0.008323062,0.3677268,0.5359709,0, 1, 0, 0,0
305,33.37524,0,0.008323062,0.371115,0.5393592,0, 1, 0, 0,0
306,33.40102,0,0.008323062,0.3745658,0.54281,0, 1, 0, 0,0
307,33.42683,0,0.008323062,0.3782112,0.5464554,0, 1, 0, 0,0
308,33.45353,0,0.008323062,0.381861,0.5501052,0, 1, 0, 0,0
309,33.47777,0,0.008323062,0.3856371,0.5538813,0, 1, 0, 0,0
310,33.50359,0,0.008323062,0.3890658,0.55731,0, 1, 0, 0,0
311,33.52882,0,0.008323062,0.3927167,0.5609609,0, 1, 0, 0,0
312,33.55338,0,0.008323062,0.3962849,0.5645291,0, 1, 0, 0,0
313,33.57981,0,0.008323062,0.3997575,0.5680016,0, 1, 0, 0,0
314,33.60569,0,0.008323062,0.4034968,0.5717409,0, 1, 0, 0,0
315,33.62957,0,0.008323062,0.4071564,0.5754006,0, 1, 0, 0,0
316,33.65635,0,0.008323062,0.4105325,0.5787766,0, 1, 0, 0,0
317,33.68111,0,0.008323062,0.4143196,0.5825636,0, 1, 0, 0,0
318,33.70666,0,0.008323062,0.4178218,0.5860658,0, 1, 0, 0,0
319,33.73057,0,0.008323062,0.4214348,0.5896789,0, 1, 0, 0,0
320,33.75644,0,0.008323062,0.4248172,0.5930612,0, 1, 0, 0,0
321,33.78298,0,0.008323062,0.428475,0.596719,0, 1, 0, 0,0
322,33.80711,0,0.008323062,0.4322284,0.6004725,0, 1, 0, 0,0
323,33.83248,0,0.008323062,0.4356415,0.6038855,0, 1, 0, 0,0
324,33.85783,0,0.008323062,0.4392291,0.6074731,0, 1, 0, 0,0
325,33.88365,0,0.008323062,0.4428145,0.6110585,0, 1, 0, 0,0
326,33.9072,0,0.008323062,0.4464651,0.6147091,0, 1, 0, 0,0
327,33.93393,0,0.008323062,0.4497957,0.6180397,0, 1, 0, 0,0
328,33.96032,0,0.008323062,0.4497957,0.6233869,0, 1, 0, 0,0
329,33.98612,0,0.008323062,0.4497957,0.6286646,0, 1, 0, 0,0
330,34.0123,0,0.008323062,0.4497957,0.6338241,0, 1, 0, 0,0
331,34.0366,0,0.008323062,0.4497957,0.6338241,0, 1, 0, 0,0
332,34.06132,0,0.008323062,0.4497957,0.6338241,0, 1, 0, 0,0
333,34.08773,0,0.008323062,0.4497957,0.6338241,0.01078615, 0.9999418, 0, 0,0
334,34.11161,0,0.008323062,0.4497957,0.6338241,0.02230753, 0.9997512, 0, 0,0
335,34.1367,0,0.008323062,0.4497957,0.6338241,0.03272429, 0.9994645, 0, 0,0
336,34.16019,0,0.008323062,0.4497957,0.6338241,0.04366131, 0.9990464, 0, 0,0
337,34.18523,0,0.008323062,0.4497957,0.6338241,0.05389979, 0.9985464, 0, 0,0
338,34.20863,0,0.008323062,0.4497957,0.6338241,0.06480691, 0.9978979, 0, 0,0
339,34.23285,0,0.008323062,0.4497957,0.6338241,0.0749889, 0.9971845, 0, 0,0
340,34.25596,0,0.008323062,0.4497957,0.6338241,0.08552399, 0.9963361, 0, 0,0
341,34.2797,0,0.008323062,0.4497957,0.6338241,0.09556744, 0.995423, 0, 0,0
342,34.3041,0,0.008323062,0.4497957,0.6338241,0.1058711, 0.9943799, 0, 0,0
343,34.32766,0,0.008323062,0.4497957,0.6338241,0.1164535, 0.9931961, 0, 0,0
344,34.35236,0,0.008323062,0.4497957,0.6338241,0.1266564, 0.9919466, 0, 0,0
345,34.37576,0,0.008323062,0.4497957,0.6338241,0.137339, 0.9905241, 0, 0,0
346,34.40043,0,0.008323062,0.4497957,0.6338241,0.147444, 0.9890704, 0, 0,0
347,34.42354,0,0.008323062,0.4497957,0.6338241,0.1580855, 0.9874255, 0, 0,0
348,34.44817,0,0.008323062,0.4497957,0.6338241,0.1680322, 0.9857815, 0, 0,0
349,34.47127,0,0.008323062,0.4497957,0.6338241,0.1786146, 0.9839191, 0, 0,0
350,34.49488,0,0.008323062,0.4497957,0.6338241,0.188526, 0.9820682, 0, 0,0
351,34.51873,0,0.008323062,0.4497957,0.6338241,0.1986296, 0.9800747, 0, 0,0
352,34.54342,0,0.008323062,0.4497957,0.6338241,0.2088179, 0.9779546, 0, 0,0
353,34.5685,0,0.008323062,0.4497957,0.6338241,0.2193452, 0.9756473, 0, 0,0
354,34.59365,0,0.008323062,0.4497957,0.6338241,0.2300083, 0.9731887, 0, 0,0
355,34.61879,0,0.008323062,0.4497957,0.6338241,0.2406737, 0.9706061, 0, 0,0
356,34.64333,0,0.008323062,0.4497957,0.6338241,0.2513063, 0.9679077, 0, 0,0
357,34.67056,0,0.008323062,0.4497957,0.6338241,0.2513063, 0.9679077, 0, 0,0
358,34.69482,0,0.008323062,0.4497957,0.6338241,0.2513063, 0.9679077, 0, 0,0
359,34.71984,0,0.008323062,0.4497957,0.6338241,0.2513063, 0.9679077, 0, 0,0
360,34.74392,0,0.008323062,0.4497957,0.6338241,0.2513063, 0.9679077, 0, 0,0
361,34.76949,0,0.008323062,0.4497957,0.6338241,0.2513063, 0.9679077, 0, 0,0
362,34.7935,0,0.008323062,0.4497957,0.6338241,0.2513063, 0.9679077, 0, 0,0
363,34.81825,0,0.008323062,0.4497957,0.6338241,0.2513063, 0.9679077, 0, 0,0
364,34.84228,0,0.008323062,0.4497957,0.6338241,0.2513063, 0.9679077, 0, 0,0
365,34.86721,0,0.008323062,0.4497957,0.6338241,0.2513063, 0.9679077, 0, 0,0
366,34.89305,0,0.008323062,0.4497957,0.6338241,0.2513063, 0.9679077, 0, 0,0
367,34.91838,0,0.008323062,0.4497957,0.6338241,0.2513063, 0.9679077, 0, 0,0
368,34.94235,0,0.008323062,0.4497957,0.6338241,0.2513063, 0.9679077, 0, 0,0
369,34.96753,0,0.008323062,0.4497957,0.6338241,0.2513063, 0.9679077, 0, 0,0
370,34.99089,0,0.008323062,0.4497957,0.6338241,0.2513063, 0.9679077, 0, 0,0
371,35.01545,0,0.008323062,0.4497957,0.6338241,0.2513063, 0.9679077, 0, 0,0
372,35.03983,0,0.008323062,0.4497957,0.6338241,0.2513063, 0.9679077, 0, 0,0
373,35.06337,0,0.008323062,0.4497957,0.6338241,0.2513063, 0.9679077, 0, 0,0
374,35.08768,0,0.008323062,0.4497957,0.6338241,0.2513063, 0.9679077, 0, 0,0
375,35.11136,0,0.008323062,0.4497957,0.6338241,0.2513063, 0.9679077, 0, 0,0
376,35.13589,0,0.008323062,0.4497957,0.6338241,0.2513063, 0.9679077, 0, 0,0
377,35.15972,0,0.008323062,0.4497957,0.6338241,0.2513063, 0.9679077, 0, 0,0
378,35.18459,0,0.008323062,0.4497957,0.6338241,0.2513063, 0.9679077, 0, 0,0
379,35.20939,0,0.008323062,0.4497957,0.6338241,0.2513063, 0.9679077, 0, 0,0
380,35.23423,0,0.008323062,0.4497957,0.6338241,0.2513063, 0.9679077, 0, 0,0
381,35.25782,0,0.008323062,0.4497957,0.6338241,0.2513063, 0.9679077, 0, 0,0
382,35.28804,0,0.008323062,0.4497957,0.6338241,0.2513063, 0.9679077, 0, 0,0
383,35.31757,0,0.008323062,0.4497957,0.6338241,0.2513063, 0.9679077, 0, 0,0
384,35.35386,0,0.008323062,0.4497957,0.6338241,0.2513063, 0.9679077, 0, 0,0
385,35.39923,0,0.008323062,0.4497957,0.6338241,0.2513063, 0.9679077, 0, 0,0
386,35.42308,0,0.008323062,0.4497957,0.6338241,0.2513063, 0.9679077, 0, 0,0
387,35.4467,0,0.008323062,0.4497957,0.6338241,0.2513063, 0.9679077, 0, 0,0
388,35.47188,0,0.008323062,0.4497957,0.6338241,0.2513063, 0.9679077, 0, 0,0
389,35.49524,0,0.008323062,0.4497957,0.6338241,0.2513063, 0.9679077, 0, 0,0
390,35.51946,0,0.008323062,0.4497957,0.6338241,0.2513063, 0.9679077, 0, 0,0
391,35.55902,0,0.008323062,0.4497957,0.6338241,0.2513063, 0.9679077, 0, 0,0
392,35.58242,0,0.008323062,0.4497957,0.6338241,0.2513063, 0.9679077, 0, 0,0
393,35.60695,0,0.008323062,0.4497957,0.6338241,0.2513063, 0.9679077, 0, 0,0
394,35.63134,0,0.008323062,0.4497957,0.6338241,0.2513063, 0.9679077, 0, 0,0
395,35.65534,0,0.008323062,0.4497957,0.6338241,0.2513063, 0.9679077, 0, 0,0
396,35.67815,0,0.008323062,0.4497957,0.6338241,0.2513063, 0.9679077, 0, 0,0
397,35.70357,0,0.008323062,0.4497957,0.6338241,0.2513063, 0.9679077, 0, 0,0
398,35.72861,0,0.008323062,0.454878,0.6338241,0.2513063, 0.9679077, 0, 0,0
399,35.75261,0,0.008323062,0.459887,0.6338241,0.2513063, 0.9679077, 0, 0,0
400,35.7815,0,0.008323062,0.4646877,0.6338241,0.2513063, 0.9679077, 0, 0,0
401,35.80638,0,0.008323062,0.4704642,0.6338241,0.2513063, 0.9679077, 0, 0,0
402,35.8307,0,0.008323062,0.4754413,0.6338241,0.2513063, 0.9679077, 0, 0,0
403,35.85437,0,0.008323062,0.4803055,0.6338241,0.2513063, 0.9679077, 0, 0,0
404,35.87912,0,0.008323062,0.4850397,0.6338241,0.2513063, 0.9679077, 0, 0,0
405,35.90314,0,0.008323062,0.4899887,0.6338241,0.2513063, 0.9679077, 0, 0,0
406,35.92834,0,0.008323062,0.4947929,0.6338241,0.2513063, 0.9679077, 0, 0,0
407,35.95343,0,0.008323062,0.4998322,0.6338241,0.2513063, 0.9679077, 0, 0,0
408,35.97784,0,0.008323062,0.5048501,0.6338241,0.2513063, 0.9679077, 0, 0,0
409,36.0022,0,0.008323062,0.5097336,0.6338241,0.2513063, 0.9679077, 0, 0,0
410,36.02634,0,0.008323062,0.5146058,0.6338241,0.2513063, 0.9679077, 0, 0,0
411,36.05104,0,0.008323062,0.5194324,0.6338241,0.2513063, 0.9679077, 0, 0,0
412,36.07577,0,0.008323062,0.5243726,0.6338241,0.2513063, 0.9679077, 0, 0,0
413,36.10074,0,0.008323062,0.529319,0.6338241,0.2513063, 0.9679077, 0, 0,0
414,36.12597,0,0.008323062,0.529319,0.6338241,0.2513063, 0.9679077, 0, 0,0
415,36.15047,0,0.008323062,0.529319,0.6338241,0.2513063, 0.9679077, 0, 0,0
416,36.1741,0,0.008323062,0.529319,0.6338241,0.2513063, 0.9679077, 0, 0,0
417,36.19852,0,0.008323062,0.529319,0.6338241,0.2513063, 0.9679077, 0, 0,0
418,36.22344,0,0.008323062,0.529319,0.6338241,0.2513063, 0.9679077, 0, 0,0
419,36.24695,0,0.008323062,0.529319,0.6338241,0.2513063, 0.9679077, 0, 0,0
420,36.27098,0,0.008323062,0.529319,0.6338241,0.2513063, 0.9679077, 0, 0,0
421,36.29618,0,0.008323062,0.529319,0.6338241,0.2513063, 0.9679077, 0, 0,0
422,36.32053,0,0.008323062,0.529319,0.6338241,0.2513063, 0.9679077, 0, 0,0
423,36.34433,0,0.008323062,0.529319,0.6338241,0.2513063, 0.9679077, 0, 0,0
424,36.36921,0,0.008323062,0.529319,0.6338241,0.2513063, 0.9679077, 0, 0,0
425,36.393,0,0.008323062,0.529319,0.6338241,0.2513063, 0.9679077, 0, 0,0
426,36.41802,0,0.008323062,0.529319,0.6338241,0.2513063, 0.9679077, 0, 0,0
427,36.44137,0,0.008323062,0.529319,0.6338241,0.2513063, 0.9679077, 0, 0,0
428,36.46598,0,0.008323062,0.529319,0.6338241,0.2513063, 0.9679077, 0, 0,0
429,36.48936,0,0.008323062,0.529319,0.6338241,0.2513063, 0.9679077, 0, 0,0
430,36.51288,0,0.008323062,0.529319,0.6338241,0.2513063, 0.9679077, 0, 0,0
431,36.53648,0,0.008323062,0.529319,0.6338241,0.2513063, 0.9679077, 0, 0,0
432,36.56049,0,0.008323062,0.529319,0.6338241,0.2513063, 0.9679077, 0, 0,0
433,36.58451,0,0.008323062,0.529319,0.6338241,0.2513063, 0.9679077, 0, 0,0
434,36.60812,0,0.008323062,0.529319,0.6338241,0.2513063, 0.9679077, 0, 0,0
435,36.63297,0,0.008323062,0.529319,0.6338241,0.2513063, 0.9679077, 0, 0,0
436,36.6583,0,0.008323062,0.529319,0.6338241,0.2513063, 0.9679077, 0, 0,0
437,36.68342,0,0.008323062,0.529319,0.6388894,0.2513063, 0.9679077, 0, 0,0
438,36.70706,0,0.008323062,0.529319,0.6439134,0.2513063, 0.9679077, 0, 0,0
439,36.73243,0,0.008323062,0.529319,0.6486417,0.2513063, 0.9679077, 0, 0,0
440,36.75646,0,0.008323062,0.529319,0.6537162,0.2513063, 0.9679077, 0, 0,0
441,36.78026,0,0.008323062,0.529319,0.6585209,0.2513063, 0.9679077, 0, 0,0
442,36.80388,0,0.008323062,0.529319,0.6632814,0.2513063, 0.9679077, 0, 0,0
443,36.828,0,0.008323062,0.529319,0.6680052,0.2513063, 0.9679077, 0, 0,0
444,36.85192,0,0.008323062,0.529319,0.672829,0.2513063, 0.9679077, 0, 0,0
445,36.8767,0,0.008323062,0.529319,0.6776146,0.2513063, 0.9679077, 0, 0,0
446,36.90443,0,0.008323062,0.529319,0.682569,0.2513063, 0.9679077, 0, 0,0
447,36.92776,0,0.008323062,0.529319,0.6881164,0.2513063, 0.9679077, 0, 0,0
448,36.95303,0,0.008323062,0.529319,0.6927829,0.2513063, 0.9679077, 0, 0,0
449,36.97761,0,0.008323062,0.529319,0.697836,0.2513063, 0.9679077, 0, 0,0
450,37.00271,0,0.008323062,0.529319,0.7027519,0.2513063, 0.9679077, 0, 0,0
451,37.02752,0,0.008323062,0.529319,0.7077721,0.261892, 0.9650972, 0, 0,0
452,37.05203,0,0.008323062,0.529319,0.7127333,0.2723221, 0.9622061, 0, 0,0
453,37.07622,0,0.008323062,0.529319,0.7176359,0.282598, 0.9592385, 0, 0,0
454,37.10211,0,0.008323062,0.529319,0.722473,0.2927049, 0.9562029, 0, 0,0
455,37.12674,0,0.008323062,0.529319,0.7276509,0.3034876, 0.9528354, 0, 0,0
456,37.15074,0,0.008323062,0.529319,0.7325785,0.3137133, 0.9495178, 0, 0,0
457,37.17492,0,0.008323062,0.529319,0.7373775,0.3236371, 0.9461813, 0, 0,0
458,37.20216,0,0.008323062,0.529319,0.7422137,0.333602, 0.942714, 0, 0,0
459,37.22678,0,0.008323062,0.529319,0.7476605,0.3447805, 0.9386834, 0, 0,0
460,37.25047,0,0.008323062,0.529319,0.7525865,0.3548483, 0.9349239, 0, 0,0
461,37.2746,0,0.008323062,0.529319,0.7573227,0.3644895, 0.9312075, 0, 0,0
462,37.29731,0,0.008323062,0.529319,0.76215,0.3742763, 0.9273173, 0, 0,0
463,37.32199,0,0.008323062,0.529319,0.7666916,0.3834456, 0.9235635, 0, 0,0
464,37.34648,0,0.008323062,0.529319,0.7716284,0.3933704, 0.9193801, 0, 0,0
465,37.3698,0,0.008323062,0.529319,0.7765251,0.4031696, 0.9151253, 0, 0,0
466,37.39642,0,0.008323062,0.529319,0.7811898,0.4124615, 0.910975, 0, 0,0
467,37.42242,0,0.008323062,0.529319,0.7865143,0.4230157, 0.9061224, 0, 0,0
468,37.44715,0,0.008323062,0.529319,0.7917129,0.4332651, 0.9012665, 0, 0,0
469,37.47186,0,0.008323062,0.529319,0.7966605,0.4429682, 0.8965374, 0, 0,0
470,37.49858,0,0.008323062,0.529319,0.8016012,0.4526059, 0.8917106, 0, 0,0
471,37.52415,0,0.008323062,0.529319,0.8069448,0.4629706, 0.8863737, 0, 0,0
472,37.55024,0,0.008323062,0.529319,0.8120588,0.4728307, 0.8811534, 0, 0,0
473,37.57516,0,0.008323062,0.529319,0.817278,0.4828331, 0.8757124, 0, 0,0
474,37.60186,0,0.008323062,0.529319,0.8222612,0.4923249, 0.8704115, 0, 0,0
475,37.62601,0,0.008323062,0.529319,0.8276011,0.5024315, 0.864617, 0, 0,0
476,37.65159,0,0.008323062,0.529319,0.8324311,0.5115144, 0.8592747, 0, 0,0
477,37.6782,0,0.008323062,0.529319,0.8375481,0.5210749, 0.853511, 0, 0,0
478,37.70409,0,0.008323062,0.529319,0.8428684,0.5309463, 0.8474054, 0, 0,0
479,37.73638,0,0.008323062,0.529319,0.8480486,0.5404889, 0.8413512, 0, 0,0
480,37.7677,0,0.008323062,0.529319,0.8545059,0.5522876, 0.8336537, 0, 0,0
481,37.81023,0,0.008323062,0.529319,0.860769,0.5636266, 0.8260297, 0, 0,0
482,37.86108,0,0.008323062,0.529319,0.8692756,0.5788584, 0.8154281, 0, 0,0
483,37.89874,0,0.008323062,0.529319,0.879445,0.5968057, 0.8023859, 0, 0,0
484,37.92974,0,0.008323062,0.529319,0.886977,0.6099095, 0.7924711, 0, 0,0
485,37.96124,0,0.008323062,0.529319,0.8931774,0.6205734, 0.7841485, 0, 0,0
486,37.98879,0,0.008323062,0.529319,0.8994768,0.631291, 0.7755461, 0, 0,0
487,38.01391,0,0.008323062,0.529319,0.9049881,0.6405702, 0.7678997, 0, 0,0
488,38.04044,0,0.008323062,0.529319,0.9100115,0.6489474, 0.7608333, 0, 0,0
489,38.06598,0,0.008323062,0.529319,0.9153168,0.6577098, 0.7532715, 0, 0,0
490,38.09172,0,0.008323062,0.529319,0.9204257,0.6660645, 0.7458942, 0, 0,0
491,38.11729,0,0.008323062,0.529319,0.9255747,0.6744012, 0.7383651, 0, 0,0
492,38.14336,0,0.008323062,0.529319,0.9306867,0.6825939, 0.7307979, 0, 0,0
493,38.17162,0,0.008323062,0.529319,0.9359015,0.6908638, 0.722985, 0, 0,0
494,38.20208,0,0.008323062,0.529319,0.9415535,0.6997259, 0.7144115, 0, 0,0
495,38.23284,0,0.008323062,0.529319,0.9476459,0.7091594, 0.7050482, 0, 0,0
496,38.26218,0,0.008323062,0.529319,0.953797,0.7185566, 0.6954684, 0, 0,0
497,38.29141,0,0.008323062,0.529319,0.9596657,0.7274019, 0.6862118, 0, 0,0
498,38.32078,0,0.008323062,0.529319,0.9655125,0.7360956, 0.6768776, 0, 0,0
499,38.35202,0,0.008323062,0.529319,0.9713862,0.7447088, 0.6673896, 0, 0,0
500,38.38417,0,0.008323062,0.529319,0.977633,0.7537348, 0.6571788, 0, 0,0
501,38.41635,0,0.008323062,0.529319,0.9840636,0.7628802, 0.6465399, 0, 0,0
502,38.44742,0,0.008323062,0.529319,0.9904995,0.7718827, 0.635765, 0, 0,0
503,38.48037,0,0.008323062,0.529319,0.9967135,0.7804305, 0.6252426, 0, 0,0
504,38.51156,0,0.008323062,0.529319,1.003304,0.7893393, 0.6139573, 0, 0,0
505,38.54284,0,0.008323062,0.529319,1.009542,0.7976207, 0.6031594, 0, 0,0
506,38.5765,0,0.008323062,0.529319,1.015799,0.8057795, 0.5922157, 0, 0,0
507,38.61018,0,0.008323062,0.529319,1.022529,0.8143888, 0.5803198, 0, 0,0
508,38.64161,0,0.008323062,0.529319,1.029266,0.8228295, 0.5682884, 0, 0,0
509,38.67443,0,0.008323062,0.529319,1.035552,0.8305453, 0.5569511, 0, 0,0
510,38.70621,0,0.008323062,0.529319,1.042116,0.8384359, 0.5450002, 0, 0,0
511,38.74922,0,0.008323062,0.529319,1.048471,0.8459114, 0.5333235, 0, 0,0
512,38.77991,0,0.008323062,0.529319,1.057074,0.8557711, 0.5173548, 0, 0,0
513,38.81177,0,0.008323062,0.529319,1.063211,0.8626211, 0.5058505, 0, 0,0
514,38.84433,0,0.008323062,0.529319,1.069584,0.8695707, 0.4938085, 0, 0,0
515,38.87711,0,0.008323062,0.529319,1.076096,0.8764986, 0.4814043, 0, 0,0
516,38.90951,0,0.008323062,0.529319,1.082652,0.8832936, 0.4688203, 0, 0,0
517,38.9409,0,0.008323062,0.529319,1.089131,0.8898327, 0.456287, 0, 0,0
518,38.97195,0,0.008323062,0.529319,1.095409,0.8959982, 0.4440579, 0, 0,0
519,39.00432,0,0.008323062,0.529319,1.10162,0.9019327, 0.4318766, 0, 0,0
520,39.03624,0,0.008323062,0.529319,1.108094,0.9079427, 0.4190942, 0, 0,0
521,39.06814,0,0.008323062,0.529319,1.114478,0.9136916, 0.4064084, 0, 0,0
522,39.09763,0,0.008323062,0.529319,1.120858,0.9192597, 0.3936519, 0, 0,0
523,39.13,0,0.008323062,0.529319,1.126755,0.9242482, 0.3817922, 0, 0,0
524,39.16202,0,0.008323062,0.529319,1.133229,0.9295478, 0.3687016, 0, 0,0
525,39.19569,0,0.008323062,0.529319,1.139634,0.9346089, 0.3556772, 0, 0,0
526,39.22739,0,0.008323062,0.529319,1.146368,0.9397334, 0.3419082, 0, 0,0
527,39.25633,0,0.008323062,0.529319,1.152708,0.9443728, 0.328877, 0, 0,0
528,39.28384,0,0.008323062,0.529319,1.158495,0.9484495, 0.3169284, 0, 0,0
529,39.31145,0,0.008323062,0.529319,1.163998,0.9521859, 0.3055192, 0, 0,0
530,39.34106,0,0.008323062,0.529319,1.169519,0.9557969, 0.2940278, 0, 0,0
531,39.3717,0,0.008323062,0.529319,1.175441,0.9595155, 0.2816561, 0, 0,0
532,39.40226,0,0.008323062,0.529319,1.181569,0.9631951, 0.2688031, 0, 0,0
533,39.43203,0,0.008323062,0.529319,1.18768,0.9666936, 0.2559365, 0, 0,0
534,39.46259,0,0.008323062,0.529319,1.193636,0.9699371, 0.2433559, 0, 0,0
535,39.49614,0,0.008323062,0.529319,1.199746,0.9730951, 0.2304039, 0, 0,0
536,39.52837,0,0.008323062,0.529319,1.206456,0.9763635, 0.2161349, 0, 0,0
537,39.55914,0,0.008323062,0.529319,1.212903,0.9793067, 0.2023821, 0, 0,0
538,39.59027,0,0.008323062,0.529319,1.219057,0.9819357, 0.1892147, 0, 0,0
539,39.62025,0,0.008323062,0.529319,1.225284,0.9844155, 0.1758585, 0, 0,0
540,39.6509,0,0.008323062,0.529319,1.231278,0.986631, 0.1629702, 0, 0,0
541,39.68276,0,0.008323062,0.529319,1.237409,0.9887223, 0.1497606, 0, 0,0
542,39.71558,0,0.008323062,0.529319,1.243781,0.9907088, 0.1360007, 0, 0,0
543,39.74598,0,0.008323062,0.529319,1.250345,0.9925546, 0.1218007, 0, 0,0
544,39.77753,0,0.008323062,0.529319,1.256424,0.9940827, 0.108626, 0, 0,0
545,39.80835,0,0.008323062,0.529319,1.262735,0.9954841, 0.09492943, 0, 0,0
546,39.83709,0,0.008323062,0.529319,1.2689,0.9966707, 0.0815326, 0, 0,0
547,39.86818,0,0.008323062,0.529319,1.274647,0.9976146, 0.0690295, 0, 0,0
548,39.89748,0,0.008323062,0.529319,1.280865,0.9984593, 0.05548978, 0, 0,0
549,39.92631,0,0.008323062,0.529319,1.286726,0.9990871, 0.04272084, 0, 0,0
550,39.95668,0,0.008323062,0.529319,1.292492,0.9995455, 0.0301494, 0, 0,0
551,39.98372,0,0.008323062,0.529319,1.298564,0.9998571, 0.01690441, 0, 0,0
552,40.0145,0,0.008323062,0.529319,1.303974,0.999987, 0.005103825, 0, 0,0
553,40.0394,0,0.008323062,0.529319,1.310129,0.9999654, -0.008323538, 0, 0,0
554,40.06862,0,0.008323062,0.529319,1.31511,0.9998159, -0.0191899, 0, 0,0
555,40.09529,0,0.008323062,0.529319,1.320953,0.99949, -0.03193415, 0, 0,0
556,40.12054,0,0.008323062,0.529319,1.326287,0.9990507, -0.04356248, 0, 0,0
557,40.14764,0,0.008323062,0.529319,1.331338,0.99851, -0.05456911, 0, 0,0
558,40.17441,0,0.008323062,0.529319,1.336757,0.9977951, -0.06636928, 0, 0,0
559,40.20087,0,0.008323062,0.529319,1.342112,0.9969518, -0.07802083, 0, 0,0
560,40.22983,0,0.008323062,0.529319,1.347403,0.9959848, -0.08952267, 0, 0,0
561,40.25769,0,0.008323062,0.529319,1.353196,0.9947739, -0.1021029, 0, 0,0
562,40.28568,0,0.008323062,0.529319,1.358768,0.9934591, -0.1141886, 0, 0,0
563,40.30975,0,0.008323062,0.529319,1.364366,0.9919905, -0.1263129, 0, 0,0
564,40.33892,0,0.008323062,0.529319,1.369179,0.9906096, -0.1367212, 0, 0,0
565,40.36651,0,0.008323062,0.529319,1.375013,0.9887891, -0.1493187, 0, 0,0
566,40.38981,0,0.008323062,0.529319,1.380531,0.9869199, -0.1612117, 0, 0,0
567,40.416,0,0.008323062,0.529319,1.385192,0.9852297, -0.1712378, 0, 0,0
568,40.44519,0,0.008323062,0.529319,1.390429,0.9832091, -0.1824826, 0, 0,0
569,40.47424,0,0.008323062,0.529319,1.396269,0.9808043, -0.1949949, 0, 0,0
570,40.50256,0,0.008323062,0.529319,1.402077,0.9782547, -0.2074075, 0, 0,0
571,40.53976,0,0.008323062,0.529319,1.407743,0.9756165, -0.2194822, 0, 0,0
572,40.57034,0,0.008323062,0.529319,1.415183,0.9719256, -0.2352887, 0, 0,0
573,40.59803,0,0.008323062,0.529319,1.421298,0.9686999, -0.2482348, 0, 0,0
574,40.62944,0,0.008323062,0.529319,1.426835,0.9656305, -0.2599188, 0, 0,0
575,40.65826,0,0.008323062,0.529319,1.433117,0.961978, -0.2731274, 0, 0,0
576,40.69523,0,0.008323062,0.529319,1.438883,0.9584662, -0.2852062, 0, 0,0
577,40.72984,0,0.008323062,0.529319,1.446275,0.9537419, -0.3006269, 0, 0,0
578,40.77287,0,0.008323062,0.529319,1.453198,0.9490931, -0.3149958, 0, 0,0
579,40.82448,0,0.008323062,0.529319,1.461803,0.9430128, -0.3327564, 0, 0,0
580,40.85496,0,0.008323062,0.529319,1.472125,0.9352808, -0.3539066, 0, 0,0
581,40.88509,0,0.008323062,0.529319,1.478221,0.9304913, -0.3663142, 0, 0,0
582,40.92088,0,0.008323062,0.529319,1.484248,0.9255945, -0.3785168, 0, 0,0
583,40.95639,0,0.008323062,0.529319,1.491405,0.9195717, -0.3929222, 0, 0,0
584,40.98722,0,0.008323062,0.529319,1.498508,0.9133726, -0.4071247, 0, 0,0
585,41.01741,0,0.008323062,0.529319,1.504675,0.9078131, -0.419375, 0, 0,0
586,41.04906,0,0.008323062,0.529319,1.510712,0.9022106, -0.4312958, 0, 0,0
587,41.0782,0,0.008323062,0.529319,1.517041,0.8961698, -0.4437112, 0, 0,0
588,41.10375,0,0.008323062,0.529319,1.52287,0.8904551, -0.4550713, 0, 0,0
589,41.13148,0,0.008323062,0.529319,1.52798,0.8853266, -0.4649696, 0, 0,0
590,41.15655,0,0.008323062,0.529319,1.533526,0.8796357, -0.475648, 0, 0,0
591,41.18093,0,0.008323062,0.529319,1.538539,0.8743806, -0.4852408, 0, 0,0
592,41.20596,0,0.008323062,0.529319,1.543415,0.8691697, -0.4945138, 0, 0,0
593,41.22956,0,0.008323062,0.529319,1.548422,0.8637164, -0.5039783, 0, 0,0
594,41.25339,0,0.008323062,0.529319,1.553143,0.8584798, -0.5128474, 0, 0,0
595,41.27866,0,0.008323062,0.529319,1.557907,0.8531028, -0.5217428, 0, 0,0
596,41.30254,0,0.008323062,0.529319,1.562962,0.8472971, -0.5311194, 0, 0,0
597,41.32795,0,0.008323062,0.529319,1.567738,0.841717, -0.5399189, 0, 0,0
598,41.35172,0,0.008323062,0.529319,1.57282,0.8356795, -0.5492175, 0, 0,0
599,41.3763,0,0.008323062,0.529319,1.577574,0.8299392, -0.557854, 0, 0,0
600,41.40018,0,0.008323062,0.529319,1.582489,0.8239092, -0.5667219, 0, 0,0
601,41.42566,0,0.008323062,0.529319,1.587266,0.8179584, -0.5752774, 0, 0,0
602,41.45011,0,0.008323062,0.529319,1.592361,0.8115134, -0.5843338, 0, 0,0
603,41.47553,0,0.008323062,0.529319,1.597251,0.8052334, -0.5929581, 0, 0,0
604,41.50159,0,0.008323062,0.529319,1.602335,0.798607, -0.6018528, 0, 0,0
605,41.52926,0,0.008323062,0.529319,1.607548,0.7917104, -0.6108966, 0, 0,0
606,41.55927,0,0.008323062,0.529319,1.613082,0.7842779, -0.6204098, 0, 0,0
607,41.58698,0,0.008323062,0.529319,1.613082,0.7760891, -0.6306234, 0, 0,0
608,41.61366,0,0.008323062,0.529319,1.613082,0.7760891, -0.6306234, 0, 0,0
609,41.63639,0,0.008323062,0.529319,1.613082,0.7760891, -0.6306234, 0, 0,0
610,41.6609,0,0.008323062,0.529319,1.613082,0.7760891, -0.6306234, 0, 0,0
611,41.68473,0,0.008323062,0.529319,1.613082,0.7760891, -0.6306234, 0, 0,0
612,41.70882,0,0.008323062,0.529319,1.613082,0.7760891, -0.6306234, 0, 0,0
613,41.73306,0,0.008323062,0.529319,1.613082,0.7760891, -0.6306234, 0, 0,0
614,41.75886,0,0.008323062,0.529319,1.613082,0.7760891, -0.6306234, 0, 0,0
615,41.79713,0,0.008323062,0.529319,1.613082,0.7760891, -0.6306234, 0, 0,1
616,41.81889,0,0.008323062,0.529319,1.613082,0.7760891, -0.6306234, 0, 0,1
617,41.84084,0,0.008323062,0.529319,1.613082,0.7760891, -0.6306234, 0, 0,1
618,41.86999,0,0.008323062,0.529319,1.613082,0.7760891, -0.6306234, 0, 0,1
619,41.89313,0,0.008323062,0.529319,1.613082,0.7760891, -0.6306234, 0, 0,1
620,41.91562,0,0.008323062,0.529319,1.613082,0.7760891, -0.6306234, 0, 0,1
621,41.93849,0,0.008323062,0.529319,1.613082,0.7760891, -0.6306234, 0, 0,1
622,41.96141,0,0.008323062,0.529319,1.613082,0.7760891, -0.6306234, 0, 0,1
623,41.98448,0,0.008323062,0.529319,1.613082,0.7760891, -0.6306234, 0, 0,1
624,42.00699,0,0.008323062,0.529319,1.613082,0.7760891, -0.6306234, 0, 0,1
625,42.02859,0,0.008323062,0.529319,1.613082,0.7760891, -0.6306234, 0, 0,1
626,42.05101,0,0.008323062,0.529319,1.613082,0.7760891, -0.6306234, 0, 0,1
627,42.07253,0,0.008323062,0.529319,1.613082,0.7760891, -0.6306234, 0, 0,1
628,42.09393,0,0.008323062,0.529319,1.613082,0.7760891, -0.6306234, 0, 0,1
629,42.11655,0,0.008323062,0.529319,1.613082,0.7760891, -0.6306234, 0, 0,1
630,42.15318,0,0.008323062,0.529319,1.613082,0.7760891, -0.6306234, 0, 0,1
631,42.17545,0,0.008323062,0.529319,1.613082,0.7760891, -0.6306234, 0, 0,1
632,42.19771,0,0.008323062,0.529319,1.613082,0.7760891, -0.6306234, 0, 0,1
633,42.21933,0,0.008323062,0.529319,1.613082,0.7760891, -0.6306234, 0, 0,1
634,42.24206,0,0.008323062,0.529319,1.613082,0.7760891, -0.6306234, 0, 0,1
635,42.26493,0,0.008323062,0.529319,1.613082,0.7760891, -0.6306234, 0, 0,1
636,42.2876,0,0.008323062,0.529319,1.613082,0.7760891, -0.6306234, 0, 0,1
637,42.30991,0,0.008323062,0.529319,1.613082,0.7760891, -0.6306234, 0, 0,1
638,42.33351,0,0.008323062,0.529319,1.613082,0.7760891, -0.6306234, 0, 0,1
639,42.35672,0,0.008323062,0.529319,1.613082,0.7760891, -0.6306234, 0, 0,1
640,42.38114,0,0.008323062,0.529319,1.613082,0.7760891, -0.6306234, 0, 0,1
641,42.40622,0,0.008323062,0.529319,1.613082,0.7760891, -0.6306234, 0, 0,1
642,42.43103,0,0.008323062,0.529319,1.613082,0.7760891, -0.6306234, 0, 0,1
643,42.45622,0,0.008323062,0.529319,1.613082,0.7760891, -0.6306234, 0, 0,1
644,42.48175,0,0.008323062,0.529319,1.613082,0.7760891, -0.6306234, 0, 0,1
645,42.50757,0,0.008323062,0.529319,1.613082,0.7760891, -0.6306234, 0, 0,1
646,42.53808,0,0.008323062,0.529319,1.613082,0.7760891, -0.6306234, 0, 0,1
647,42.58053,0,0.008323062,0.529319,1.613082,0.7760891, -0.6306234, 0, 0,1
648,42.6073,0,0.008323062,0.529319,1.613082,0.7760891, -0.6306234, 0, 0,1
649,42.63292,0,0.008323062,0.529319,1.613082,0.7760891, -0.6306234, 0, 0,1
650,42.65974,0,0.008323062,0.529319,1.613082,0.7760891, -0.6306234, 0, 0,1
651,42.68641,0,0.008323062,0.529319,1.613082,0.7760891, -0.6306234, 0, 0,1
652,42.71226,0,0.008323062,0.529319,1.613082,0.7760891, -0.6306234, 0, 0,1
653,42.74015,0,0.008323062,0.529319,1.613082,0.7760891, -0.6306234, 0, 0,1
654,42.76656,0,0.008323062,0.529319,1.613082,0.7760891, -0.6306234, 0, 0,1
655,42.79318,0,0.008323062,0.529319,1.613082,0.7760891, -0.6306234, 0, 0,1
656,42.81797,0,0.008323062,0.529319,1.613082,0.7760891, -0.6306234, 0, 0,1
657,42.84431,0,0.008323062,0.529319,1.613082,0.7760891, -0.6306234, 0, 0,1
658,42.86993,0,0.008323062,0.529319,1.613082,0.7760891, -0.6306234, 0, 0,1
659,42.89681,0,0.008323062,0.529319,1.613082,0.7760891, -0.6306234, 0, 0,1
660,42.92315,0,0.008323062,0.529319,1.613082,0.7760891, -0.6306234, 0, 0,1
661,42.94932,0,0.008323062,0.529319,1.613082,0.7760891, -0.6306234, 0, 0,1
662,42.97457,0,0.008323062,0.529319,1.613082,0.7760891, -0.6306234, 0, 0,1
663,43.00027,0,0.008323062,0.529319,1.613082,0.7760891, -0.6306234, 0, 0,1
664,43.02584,0,0.008323062,0.529319,1.613082,0.7760891, -0.6306234, 0, 0,1
665,43.05228,0,0.008323062,0.529319,1.613082,0.7760891, -0.6306234, 0, 0,1
666,43.07769,0,0.008323062,0.529319,1.613082,0.7760891, -0.6306234, 0, 0,1
667,43.10321,0,0.008323062,0.529319,1.613082,0.7760891, -0.6306234, 0, 0,1
668,43.12725,0,0.008323062,0.529319,1.613082,0.7760891, -0.6306234, 0, 0,1
669,43.15446,0,0.008323062,0.529319,1.613082,0.7760891, -0.6306234, 0, 0,1
670,43.18066,0,0.008323062,0.529319,1.613082,0.7760891, -0.6306234, 0, 0,1
671,43.20735,0,0.008323062,0.529319,1.613082,0.7760891, -0.6306234, 0, 0,1
672,43.23211,0,0.008323062,0.529319,1.613082,0.7760891, -0.6306234, 0, 0,1
673,43.26614,0,0.008323062,0.529319,1.613082,0.7760891, -0.6306234, 0, 0,1
674,43.29549,0,0.008323062,0.529319,1.613082,0.7760891, -0.6306234, 0, 0,1
675,43.32893,0,0.008323062,0.529319,1.613082,0.7760891, -0.6306234, 0, 0,1
676,43.36768,0,0.008323062,0.529319,1.613082,0.7760891, -0.6306234, 0, 0,1
677,43.40545,0,0.008323062,0.529319,1.613082,0.7760891, -0.6306234, 0, 0,1
678,43.4309,0,0.008323062,0.529319,1.613082,0.7760891, -0.6306234, 0, 0,1
679,43.45798,0,0.008323062,0.529319,1.613082,0.7760891, -0.6306234, 0, 0,1
680,43.48227,0,0.008323062,0.529319,1.613082,0.7760891, -0.6306234, 0, 0,1
681,43.50976,0,0.008323062,0.529319,1.613082,0.7760891, -0.6306234, 0, 0,1
682,43.53427,0,0.008323062,0.529319,1.613082,0.7760891, -0.6306234, 0, 0,1
683,43.56285,0,0.008323062,0.529319,1.613082,0.7760891, -0.6306234, 0, 0,1
684,43.58823,0,0.008323062,0.529319,1.613082,0.7760891, -0.6306234, 0, 0,1
685,43.61269,0,0.008323062,0.529319,1.613082,0.7760891, -0.6306234, 0, 0,1
686,43.6385,0,0.008323062,0.529319,1.613082,0.7760891, -0.6306234, 0, 0,1
687,43.66485,0,0.008323062,0.529319,1.613082,0.7760891, -0.6306234, 0, 0,1
688,43.68959,0,0.008323062,0.529319,1.613082,0.7760891, -0.6306234, 0, 0,1
689,43.71491,0,0.008323062,0.529319,1.613082,0.7760891, -0.6306234, 0, 0,1
690,43.73944,0,0.008323062,0.529319,1.613082,0.7760891, -0.6306234, 0, 0,1
691,43.76739,0,0.008323062,0.529319,1.613082,0.7760891, -0.6306234, 0, 0,1
692,43.79154,0,0.008323062,0.529319,1.613082,0.7760891, -0.6306234, 0, 0,1
693,43.81656,0,0.008323062,0.529319,1.613082,0.7760891, -0.6306234, 0, 0,1
694,43.84047,0,0.008323062,0.529319,1.613082,0.7760891, -0.6306234, 0, 0,1
695,43.86586,0,0.008323062,0.529319,1.613082,0.7760891, -0.6306234, 0, 0,1
696,43.89152,0,0.008323062,0.529319,1.613082,0.7760891, -0.6306234, 0, 0,1
697,43.91773,0,0.008323062,0.529319,1.613082,0.7760891, -0.6306234, 0, 0,1
698,43.94382,0,0.008323062,0.529319,1.613082,0.7760891, -0.6306234, 0, 0,1
699,43.96854,0,0.008323062,0.529319,1.613082,0.7760891, -0.6306234, 0, 0,1
700,43.99298,0,0.008323062,0.529319,1.613082,0.7760891, -0.6306234, 0, 0,1
701,44.01822,0,0.008323062,0.529319,1.613082,0.7760891, -0.6306234, 0, 0,1
702,44.04192,0,0.008323062,0.529319,1.613082,0.7760891, -0.6306234, 0, 0,1
703,44.06578,0,0.008323062,0.529319,1.613082,0.7760891, -0.6306234, 0, 0,1
704,44.09014,0,0.008323062,0.529319,1.613082,0.7760891, -0.6306234, 0, 0,1
705,44.11491,0,0.008323062,0.529319,1.613082,0.7760891, -0.6306234, 0, 0,1
706,44.13951,0,0.008323062,0.529319,1.613082,0.7760891, -0.6306234, 0, 0,1
707,44.16493,0,0.008323062,0.529319,1.613082,0.7760891, -0.6306234, 0, 0,1
708,44.1897,0,0.008323062,0.529319,1.613082,0.7760891, -0.6306234, 0, 0,1
709,44.21378,0,0.008323062,0.529319,1.613082,0.7760891, -0.6306234, 0, 0,1
710,44.23814,0,0.008323062,0.529319,1.613082,0.7760891, -0.6306234, 0, 0,1
711,44.26174,0,0.008323062,0.529319,1.613082,0.7760891, -0.6306234, 0, 0,1
712,44.28629,0,0.008323062,0.529319,1.613082,0.7760891, -0.6306234, 0, 0,1
713,44.31038,0,0.008323062,0.529319,1.613082,0.7760891, -0.6306234, 0, 0,1
714,44.33481,0,0.008323062,0.529319,1.613082,0.7760891, -0.6306234, 0, 0,1
715,44.35904,0,0.008323062,0.529319,1.613082,0.7760891, -0.6306234, 0, 0,1
716,44.38374,0,0.008323062,0.529319,1.613082,0.7760891, -0.6306234, 0, 0,1
717,44.40751,0,0.008323062,0.529319,1.613082,0.7760891, -0.6306234, 0, 0,1
718,44.43105,0,0.008323062,0.529319,1.613082,0.7760891, -0.6306234, 0, 0,1
719,44.4541,0,0.008323062,0.529319,1.613082,0.7760891, -0.6306234, 0, 0,1
720,44.47771,0,0.008323062,0.529319,1.613082,0.7760891, -0.6306234, 0, 0,1
721,44.50194,0,0.008323062,0.529319,1.613082,0.7760891, -0.6306234, 0, 0,1
722,44.5259,0,0.008323062,0.529319,1.613082,0.7760891, -0.6306234, 0, 0,1
723,44.55088,0,0.008323062,0.529319,1.613082,0.7760891, -0.6306234, 0, 0,1
724,44.57405,0,0.008323062,0.529319,1.613082,0.7760891, -0.6306234, 0, 0,1
725,44.59962,0,0.008323062,0.529319,1.613082,0.7760891, -0.6306234, 0, 0,1
726,44.62384,0,0.008323062,0.529319,1.613082,0.7760891, -0.6306234, 0, 0,1
727,44.64732,0,0.008323062,0.529319,1.613082,0.7760891, -0.6306234, 0, 0,1
728,44.67101,0,0.008323062,0.529319,1.613082,0.7760891, -0.6306234, 0, 0,1
729,44.69436,0,0.008323062,0.529319,1.613082,0.7760891, -0.6306234, 0, 0,1
730,44.71894,0,0.008323062,0.529319,1.613082,0.7760891, -0.6306234, 0, 0,1
731,44.74326,0,0.008323062,0.529319,1.613082,0.7760891, -0.6306234, 0, 0,1
732,44.76814,0,0.008323062,0.529319,1.613082,0.7760891, -0.6306234, 0, 0,1
733,44.79235,0,0.008323062,0.529319,1.613082,0.7760891, -0.6306234, 0, 0,1
734,44.81684,0,0.008323062,0.529319,1.613082,0.7760891, -0.6306234, 0, 0,1
735,44.84106,0,0.008323062,0.529319,1.613082,0.7760891, -0.6306234, 0, 0,1
736,44.86416,0,0.008323062,0.529319,1.613082,0.7760891, -0.6306234, 0, 0,1
737,44.88914,0,0.008323062,0.529319,1.613082,0.7760891, -0.6306234, 0, 0,1
738,44.91358,0,0.008323062,0.529319,1.613082,0.7760891, -0.6306234, 0, 0,1
739,44.93957,0,0.008323062,0.529319,1.613082,0.7760891, -0.6306234, 0, 0,1
740,44.96356,0,0.008323062,0.529319,1.613082,0.7760891, -0.6306234, 0, 0,1
741,44.98698,0,0.008323062,0.529319,1.613082,0.7760891, -0.6306234, 0, 0,1
742,45.01017,0,0.008323062,0.529319,1.613082,0.7760891, -0.6306234, 0, 0,1
743,45.03416,0,0.008323062,0.529319,1.613082,0.7760891, -0.6306234, 0, 0,1
744,45.05911,0,0.008323062,0.529319,1.613082,0.7760891, -0.6306234, 0, 0,1
745,45.08271,0,0.008323062,0.529319,1.613082,0.7760891, -0.6306234, 0, 0,1
746,45.10597,0,0.008323062,0.529319,1.613082,0.7760891, -0.6306234, 0, 0,1
747,45.12971,0,0.008323062,0.529319,1.613082,0.7760891, -0.6306234, 0, 0,1
748,45.15338,0,0.008323062,0.529319,1.613082,0.7760891, -0.6306234, 0, 0,1
749,45.17865,0,0.008323062,0.529319,1.613082,0.7760891, -0.6306234, 0, 0,1
750,45.21989,0,0.008323062,0.529319,1.613082,0.7760891, -0.6306234, 0, 0,1
751,45.24293,0,0.008323062,0.529319,1.613082,0.7760891, -0.6306234, 0, 0,1
752,45.26677,0,0.008323062,0.529319,1.613082,0.7760891, -0.6306234, 0, 0,1
753,45.29073,0,0.008323062,0.529319,1.613082,0.7760891, -0.6306234, 0, 0,1
754,45.31501,0,0.008323062,0.529319,1.613082,0.7760891, -0.6306234, 0, 0,1
755,45.33913,0,0.008323062,0.529319,1.613082,0.7760891, -0.6306234, 0, 0,1
756,45.36281,0,0.008323062,0.529319,1.613082,0.7760891, -0.6306234, 0, 0,1
757,45.3868,0,0.008323062,0.529319,1.613082,0.7760891, -0.6306234, 0, 0,1
758,45.40973,0,0.008323062,0.529319,1.613082,0.7760891, -0.6306234, 0, 0,1
759,45.43407,0,0.008323062,0.529319,1.613082,0.7760891, -0.6306234, 0, 0,1
760,45.45762,0,0.008323062,0.529319,1.613082,0.7760891, -0.6306234, 0, 0,1
761,45.48132,0,0.008323062,0.529319,1.613082,0.7760891, -0.6306234, 0, 0,1
762,45.50514,0,0.008323062,0.529319,1.613082,0.7760891, -0.6306234, 0, 0,1
763,45.52919,0,0.008323062,0.529319,1.613082,0.7760891, -0.6306234, 0, 0,1
764,45.55429,0,0.008323062,0.529319,1.613082,0.7760891, -0.6306234, 0, 0,1
765,45.57747,0,0.008323062,0.529319,1.613082,0.7760891, -0.6306234, 0, 0,1
766,45.60233,0,0.008323062,0.529319,1.613082,0.7760891, -0.6306234, 0, 0,1
767,45.62514,0,0.008323062,0.529319,1.613082,0.7760891, -0.6306234, 0, 0,1
768,45.65142,0,0.008323062,0.529319,1.613082,0.7760891, -0.6306234, 0, 0,1
769,45.6747,0,0.008323062,0.529319,1.613082,0.7760891, -0.6306234, 0, 0,1
770,45.69896,0,0.008323062,0.529319,1.613082,0.7760891, -0.6306234, 0, 0,1
771,45.72916,0,0.008323062,0.529319,1.613082,0.7760891, -0.6306234, 0, 0,1
772,45.75793,0,0.008323062,0.529319,1.613082,0.7760891, -0.6306234, 0, 0,1
773,45.79075,0,0.008323062,0.529319,1.613082,0.7760891, -0.6306234, 0, 0,1
774,45.82643,0,0.008323062,0.529319,1.613082,0.7760891, -0.6306234, 0, 0,1
775,45.86293,0,0.008323062,0.529319,1.613082,0.7760891, -0.6306234, 0, 0,1
776,45.88692,0,0.008323062,0.529319,1.613082,0.7760891, -0.6306234, 0, 0,1
777,45.9104,0,0.008323062,0.529319,1.613082,0.7760891, -0.6306234, 0, 0,1
778,45.93469,0,0.008323062,0.529319,1.613082,0.7760891, -0.6306234, 0, 0,1
779,45.96229,0,0.008323062,0.529319,1.613082,0.7760891, -0.6306234, 0, 0,1
780,45.98586,0,0.008323062,0.529319,1.613082,0.7760891, -0.6306234, 0, 0,1
781,46.00958,0,0.008323062,0.529319,1.613082,0.7760891, -0.6306234, 0, 0,1
782,46.03355,0,0.008323062,0.529319,1.613082,0.7760891, -0.6306234, 0, 0,1
783,46.06115,0,0.008323062,0.529319,1.613082,0.7760891, -0.6306234, 0, 0,1
784,46.08492,0,0.008323062,0.529319,1.613082,0.7760891, -0.6306234, 0, 0,1
785,46.10822,0,0.008323062,0.529319,1.613082,0.7760891, -0.6306234, 0, 0,1
786,46.13281,0,0.008323062,0.529319,1.613082,0.7760891, -0.6306234, 0, 0,1
787,46.15938,0,0.008323062,0.529319,1.613082,0.7760891, -0.6306234, 0, 0,1
788,46.18555,0,0.008323062,0.529319,1.613082,0.7760891, -0.6306234, 0, 0,1
789,46.20957,0,0.008323062,0.529319,1.613082,0.7760891, -0.6306234, 0, 0,1
790,46.23471,0,0.008323062,0.529319,1.613082,0.7760891, -0.6306234, 0, 0,1
791,46.25913,0,0.008323062,0.529319,1.613082,0.7760891, -0.6306234, 0, 0,1
792,46.28284,0,0.008323062,0.529319,1.613082,0.7760891, -0.6306234, 0, 0,1
793,46.30709,0,0.008323062,0.529319,1.613082,0.7760891, -0.6306234, 0, 0,1
794,46.3308,0,0.008323062,0.529319,1.613082,0.7760891, -0.6306234, 0, 0,1
795,46.35489,0,0.008323062,0.529319,1.613082,0.7760891, -0.6306234, 0, 0,1
796,46.37949,0,0.008323062,0.529319,1.613082,0.7760891, -0.6306234, 0, 0,1
797,46.40306,0,0.008323062,0.529319,1.613082,0.7760891, -0.6306234, 0, 0,1
798,46.42621,0,0.008323062,0.529319,1.613082,0.7760891, -0.6306234, 0, 0,1
799,46.44968,0,0.008323062,0.529319,1.613082,0.7760891, -0.6306234, 0, 0,1
800,46.47309,0,0.008323062,0.529319,1.613082,0.7760891, -0.6306234, 0, 0,1
801,46.49695,0,0.008323062,0.529319,1.613082,0.7760891, -0.6306234, 0, 0,1
802,46.52018,0,0.008323062,0.529319,1.613082,0.7760891, -0.6306234, 0, 0,1
803,46.54406,0,0.008323062,0.529319,1.613082,0.7760891, -0.6306234, 0, 0,1
804,46.56815,0,0.008323062,0.529319,1.613082,0.7760891, -0.6306234, 0, 0,1
805,46.59428,0,0.008323062,0.529319,1.613082,0.7760891, -0.6306234, 0, 0,1
806,46.61765,0,0.008323062,0.529319,1.613082,0.7760891, -0.6306234, 0, 0,1
807,46.64185,0,0.008323062,0.529319,1.613082,0.7760891, -0.6306234, 0, 0,1
808,46.66674,0,0.008323062,0.529319,1.613082,0.7760891, -0.6306234, 0, 0,1
809,46.6935,0,0.008323062,0.529319,1.613082,0.7760891, -0.6306234, 0, 0,1
810,46.71732,0,0.008323062,0.529319,1.613082,0.7760891, -0.6306234, 0, 0,1
811,46.74161,0,0.008323062,0.529319,1.613082,0.7760891, -0.6306234, 0, 0,1
812,46.76515,0,0.008323062,0.529319,1.613082,0.7760891, -0.6306234, 0, 0,1
813,46.78999,0,0.008323062,0.529319,1.613082,0.7760891, -0.6306234, 0, 0,1
814,46.81366,0,0.008323062,0.529319,1.613082,0.7760891, -0.6306234, 0, 0,1
815,46.83743,0,0.008323062,0.529319,1.613082,0.7760891, -0.6306234, 0, 0,1
816,46.86202,0,0.008323062,0.529319,1.613082,0.7760891, -0.6306234, 0, 0,1
817,46.88548,0,0.008323062,0.529319,1.613082,0.7760891, -0.6306234, 0, 0,1
818,46.90921,0,0.008323062,0.529319,1.613082,0.7760891, -0.6306234, 0, 0,1
819,46.93416,0,0.008323062,0.529319,1.613082,0.7760891, -0.6306234, 0, 0,1
820,46.95872,0,0.008323062,0.529319,1.613082,0.7760891, -0.6306234, 0, 0,1
821,46.98229,0,0.008323062,0.529319,1.613082,0.7760891, -0.6306234, 0, 0,1
822,47.0057,0,0.008323062,0.529319,1.613082,0.7760891, -0.6306234, 0, 0,1
823,47.02977,0,0.008323062,0.529319,1.613082,0.7760891, -0.6306234, 0, 0,1
824,47.05308,0,0.008323062,0.529319,1.613082,0.7760891, -0.6306234, 0, 0,1
825,47.07725,0,0.008323062,0.529319,1.613082,0.7760891, -0.6306234, 0, 0,1
826,47.10214,0,0.008323062,0.529319,1.613082,0.7760891, -0.6306234, 0, 0,1
827,47.12576,0,0.008323062,0.529319,1.613082,0.7760891, -0.6306234, 0, 0,1
828,47.14946,0,0.008323062,0.529319,1.613082,0.7760891, -0.6306234, 0, 0,1
829,47.1731,0,0.008323062,0.529319,1.613082,0.7760891, -0.6306234, 0, 0,1
830,47.19942,0,0.008323062,0.529319,1.613082,0.7760891, -0.6306234, 0, 0,1
831,47.22596,0,0.008323062,0.529319,1.613082,0.7760891, -0.6306234, 0, 0,1
832,47.25368,0,0.008323062,0.529319,1.613082,0.7760891, -0.6306234, 0, 0,1
833,47.27704,0,0.008323062,0.529319,1.613082,0.7760891, -0.6306234, 0, 0,1
834,47.30284,0,0.008323062,0.529319,1.613082,0.7760891, -0.6306234, 0, 0,1
835,47.32795,0,0.008323062,0.529319,1.613082,0.7760891, -0.6306234, 0, 0,1
836,47.35606,0,0.008323062,0.529319,1.613082,0.7760891, -0.6306234, 0, 0,1
837,47.38063,0,0.008323062,0.529319,1.613082,0.7760891, -0.6306234, 0, 0,1
838,47.40413,0,0.008323062,0.529319,1.613082,0.7760891, -0.6306234, 0, 0,1
839,47.43207,0,0.008323062,0.529319,1.613082,0.7760891, -0.6306234, 0, 0,1
840,47.45474,0,0.008323062,0.529319,1.613082,0.7760891, -0.6306234, 0, 0,1
841,47.4784,0,0.008323062,0.529319,1.613082,0.7760891, -0.6306234, 0, 0,1
842,47.50232,0,0.008323062,0.529319,1.613082,0.7760891, -0.6306234, 0, 0,1
843,47.52512,0,0.008323062,0.529319,1.613082,0.7760891, -0.6306234, 0, 0,1
844,47.54975,0,0.008323062,0.529319,1.613082,0.7760891, -0.6306234, 0, 0,1
845,47.57545,0,0.008323062,0.529319,1.613082,0.7760891, -0.6306234, 0, 0,1
846,47.59961,0,0.008323062,0.529319,1.613082,0.7760891, -0.6306234, 0, 0,1
847,47.62408,0,0.008323062,0.529319,1.613082,0.7760891, -0.6306234, 0, 0,1
848,47.64739,0,0.008323062,0.529319,1.613082,0.7760891, -0.6306234, 0, 0,1
849,47.67076,0,0.008323062,0.529319,1.613082,0.7760891, -0.6306234, 0, 0,1
850,47.69429,0,0.008323062,0.529319,1.613082,0.7760891, -0.6306234, 0, 0,1
851,47.71775,0,0.008323062,0.529319,1.613082,0.7760891, -0.6306234, 0, 0,1
852,47.74225,0,0.008323062,0.529319,1.613082,0.7760891, -0.6306234, 0, 0,1
853,47.76687,0,0.008323062,0.529319,1.613082,0.7760891, -0.6306234, 0, 0,1
854,47.79118,0,0.008323062,0.529319,1.613082,0.7760891, -0.6306234, 0, 0,1
855,47.81518,0,0.008323062,0.529319,1.613082,0.7760891, -0.6306234, 0, 0,1
856,47.84192,0,0.008323062,0.529319,1.613082,0.7760891, -0.6306234, 0, 0,1
857,47.86526,0,0.008323062,0.529319,1.613082,0.7760891, -0.6306234, 0, 0,1
858,47.88964,0,0.008323062,0.529319,1.613082,0.7760891, -0.6306234, 0, 0,1
859,47.91313,0,0.008323062,0.529319,1.613082,0.7760891, -0.6306234, 0, 0,1
860,47.93642,0,0.008323062,0.529319,1.613082,0.7760891, -0.6306234, 0, 0,1
861,47.96166,0,0.008323062,0.529319,1.613082,0.7760891, -0.6306234, 0, 0,1
862,47.98595,0,0.008323062,0.529319,1.613082,0.7760891, -0.6306234, 0, 0,1
863,48.00927,0,0.008323062,0.529319,1.613082,0.7760891, -0.6306234, 0, 0,1
864,48.03283,0,0.008323062,0.529319,1.613082,0.7760891, -0.6306234, 0, 0,1
865,48.05735,0,0.008323062,0.529319,1.613082,0.7760891, -0.6306234, 0, 0,1
866,48.08102,0,0.008323062,0.529319,1.613082,0.7760891, -0.6306234, 0, 0,1
867,48.10474,0,0.008323062,0.529319,1.613082,0.7760891, -0.6306234, 0, 0,1
868,48.13068,0,0.008323062,0.529319,1.613082,0.7760891, -0.6306234, 0, 0,1
869,48.16365,0,0.008323062,0.529319,1.613082,0.7760891, -0.6306234, 0, 0,1
870,48.21031,0,0.008323062,0.529319,1.613082,0.7760891, -0.6306234, 0, 0,1
871,48.23954,0,0.008323062,0.529319,1.613082,0.7760891, -0.6306234, 0, 0,1
872,48.27722,0,0.008323062,0.529319,1.613082,0.7760891, -0.6306234, 0, 0,1
873,48.31886,0,0.008323062,0.529319,1.613082,0.7760891, -0.6306234, 0, 0,1
874,48.34264,0,0.008323062,0.529319,1.613082,0.7760891, -0.6306234, 0, 0,1
875,48.36662,0,0.008323062,0.529319,1.613082,0.7760891, -0.6306234, 0, 0,1
876,48.39049,0,0.008323062,0.529319,1.613082,0.7760891, -0.6306234, 0, 0,1
877,48.41429,0,0.008323062,0.529319,1.613082,0.7760891, -0.6306234, 0, 0,1
878,48.4372,0,0.008323062,0.529319,1.613082,0.7760891, -0.6306234, 0, 0,1
879,48.46036,0,0.008323062,0.529319,1.613082,0.7760891, -0.6306234, 0, 0,1
880,48.48389,0,0.008323062,0.529319,1.613082,0.7760891, -0.6306234, 0, 0,1
881,48.50765,0,0.008323062,0.529319,1.613082,0.7760891, -0.6306234, 0, 0,1
882,48.53131,0,0.008323062,0.529319,1.613082,0.7760891, -0.6306234, 0, 0,1
883,48.55916,0,0.008323062,0.529319,1.613082,0.7760891, -0.6306234, 0, 0,1
884,48.58307,0,0.008323062,0.529319,1.613082,0.7760891, -0.6306234, 0, 0,1
885,48.60697,0,0.008323062,0.529319,1.613082,0.7760891, -0.6306234, 0, 0,1
886,48.63232,0,0.008323062,0.529319,1.613082,0.7760891, -0.6306234, 0, 0,1
887,48.66158,0,0.008323062,0.529319,1.613082,0.7760891, -0.6306234, 0, 0,1
888,48.69191,0,0.008323062,0.529319,1.613082,0.7760891, -0.6306234, 0, 0,1
889,48.71954,0,0.008323062,0.529319,1.613082,0.7760891, -0.6306234, 0, 0,1
890,48.74759,0,0.008323062,0.529319,1.613082,0.7760891, -0.6306234, 0, 0,1
891,48.77407,0,0.008323062,0.529319,1.613082,0.7760891, -0.6306234, 0, 0,1
892,48.80259,0,0.008323062,0.529319,1.613082,0.7760891, -0.6306234, 0, 0,1
893,48.83114,0,0.008323062,0.529319,1.613082,0.7760891, -0.6306234, 0, 0,1
894,48.85997,0,0.008323062,0.529319,1.613082,0.7760891, -0.6306234, 0, 0,1
895,48.8854,0,0.008323062,0.529319,1.613082,0.7760891, -0.6306234, 0, 0,1
896,48.90999,0,0.008323062,0.529319,1.613082,0.7760891, -0.6306234, 0, 0,1
897,48.93708,0,0.008323062,0.529319,1.613082,0.7760891, -0.6306234, 0, 0,1
898,48.96217,0,0.008323062,0.529319,1.613082,0.7760891, -0.6306234, 0, 0,1
899,48.9874,0,0.008323062,0.529319,1.613082,0.7760891, -0.6306234, 0, 0,1
900,49.01124,0,0.008323062,0.529319,1.613082,0.7760891, -0.6306234, 0, 0,1
901,49.03527,0,0.008323062,0.529319,1.613082,0.7760891, -0.6306234, 0, 0,1
902,49.06292,0,0.008323062,0.529319,1.613082,0.7760891, -0.6306234, 0, 0,1
903,49.08815,0,0.008323062,0.529319,1.613082,0.7760891, -0.6306234, 0, 0,1
904,49.11295,0,0.008323062,0.529319,1.613082,0.7760891, -0.6306234, 0, 0,1
905,49.13781,0,0.008323062,0.529319,1.613082,0.7760891, -0.6306234, 0, 0,1
906,49.16214,0,0.008323062,0.529319,1.613082,0.7760891, -0.6306234, 0, 0,1
907,49.18901,0,0.008323062,0.529319,1.613082,0.7760891, -0.6306234, 0, 0,1
908,49.21249,0,0.008323062,0.529319,1.613082,0.7760891, -0.6306234, 0, 0,1
909,49.23588,0,0.008323062,0.529319,1.613082,0.7760891, -0.6306234, 0, 0,1
910,49.25955,0,0.008323062,0.529319,1.613082,0.7760891, -0.6306234, 0, 0,1
911,49.28409,0,0.008323062,0.529319,1.613082,0.7760891, -0.6306234, 0, 0,1
912,49.3079,0,0.008323062,0.529319,1.613082,0.7760891, -0.6306234, 0, 0,1
913,49.33334,0,0.008323062,0.529319,1.613082,0.7760891, -0.6306234, 0, 0,1
914,49.35828,0,0.008323062,0.529319,1.613082,0.7760891, -0.6306234, 0, 0,1
915,49.38244,0,0.008323062,0.529319,1.613082,0.7760891, -0.6306234, 0, 0,1
916,49.4061,0,0.008323062,0.529319,1.613082,0.7760891, -0.6306234, 0, 0,1
917,49.43132,0,0.008323062,0.529319,1.613082,0.7760891, -0.6306234, 0, 0,1
918,49.45502,0,0.008323062,0.529319,1.613082,0.7760891, -0.6306234, 0, 0,1
919,49.47878,0,0.008323062,0.529319,1.613082,0.7760891, -0.6306234, 0, 0,1
920,49.50324,0,0.008323062,0.529319,1.613082,0.7760891, -0.6306234, 0, 0,1
921,49.5269,0,0.008323062,0.529319,1.613082,0.7760891, -0.6306234, 0, 0,1
922,49.55118,0,0.008323062,0.529319,1.613082,0.7760891, -0.6306234, 0, 0,1
923,49.575,0,0.008323062,0.529319,1.613082,0.7760891, -0.6306234, 0, 0,1
924,49.60196,0,0.008323062,0.529319,1.613082,0.7760891, -0.6306234, 0, 0,1
925,49.62588,0,0.008323062,0.529319,1.613082,0.7760891, -0.6306234, 0, 0,1
926,49.65054,0,0.008323062,0.529319,1.613082,0.7760891, -0.6306234, 0, 0,1
927,49.67371,0,0.008323062,0.529319,1.613082,0.7760891, -0.6306234, 0, 0,1
928,49.69797,0,0.008323062,0.529319,1.613082,0.7760891, -0.6306234, 0, 0,1
929,49.72139,0,0.008323062,0.529319,1.613082,0.7760891, -0.6306234, 0, 0,1
930,49.74496,0,0.008323062,0.529319,1.613082,0.7760891, -0.6306234, 0, 0,1
931,49.76903,0,0.008323062,0.529319,1.613082,0.7760891, -0.6306234, 0, 0,1
932,49.79277,0,0.008323062,0.529319,1.613082,0.7760891, -0.6306234, 0, 0,1
933,49.82167,0,0.008323062,0.529319,1.613082,0.7760891, -0.6306234, 0, 0,1
934,49.84623,0,0.008323062,0.529319,1.613082,0.7760891, -0.6306234, 0, 0,1
935,49.87056,0,0.008323062,0.529319,1.613082,0.7760891, -0.6306234, 0, 0,1
936,49.89451,0,0.008323062,0.529319,1.613082,0.7760891, -0.6306234, 0, 0,1
937,49.91928,0,0.008323062,0.529319,1.613082,0.7760891, -0.6306234, 0, 0,1
938,49.94427,0,0.008323062,0.529319,1.613082,0.7760891, -0.6306234, 0, 0,1
939,49.96917,0,0.008323062,0.529319,1.613082,0.7760891, -0.6306234, 0, 0,1
940,49.99335,0,0.008323062,0.529319,1.613082,0.7760891, -0.6306234, 0, 0,1
941,50.01844,0,0.008323062,0.529319,1.613082,0.7760891, -0.6306234, 0, 0,1
942,50.04196,0,0.008323062,0.529319,1.613082,0.7760891, -0.6306234, 0, 0,1
943,50.06586,0,0.008323062,0.529319,1.613082,0.7760891, -0.6306234, 0, 0,1
944,50.08914,0,0.008323062,0.529319,1.613082,0.7760891, -0.6306234, 0, 0,1
945,50.11356,0,0.008323062,0.529319,1.613082,0.7760891, -0.6306234, 0, 0,1
946,50.13773,0,0.008323062,0.529319,1.613082,0.7760891, -0.6306234, 0, 0,1
947,50.16177,0,0.008323062,0.529319,1.613082,0.7760891, -0.6306234, 0, 0,1
948,50.18555,0,0.008323062,0.529319,1.613082,0.7760891, -0.6306234, 0, 0,1
949,50.20942,0,0.008323062,0.529319,1.613082,0.7760891, -0.6306234, 0, 0,1
950,50.23287,0,0.008323062,0.529319,1.613082,0.7760891, -0.6306234, 0, 0,1
951,50.25719,0,0.008323062,0.529319,1.613082,0.7760891, -0.6306234, 0, 0,1
952,50.28101,0,0.008323062,0.529319,1.613082,0.7760891, -0.6306234, 0, 0,1
953,50.30454,0,0.008323062,0.529319,1.613082,0.7760891, -0.6306234, 0, 0,1
954,50.32898,0,0.008323062,0.529319,1.613082,0.7760891, -0.6306234, 0, 0,1
955,50.35281,0,0.008323062,0.529319,1.613082,0.7760891, -0.6306234, 0, 0,1
956,50.37766,0,0.008323062,0.529319,1.613082,0.7760891, -0.6306234, 0, 0,1
957,50.40149,0,0.008323062,0.529319,1.613082,0.7760891, -0.6306234, 0, 0,1
958,50.4248,0,0.008323062,0.529319,1.613082,0.7760891, -0.6306234, 0, 0,1
959,50.4486,0,0.008323062,0.529319,1.613082,0.7760891, -0.6306234, 0, 0,1
960,50.4726,0,0.008323062,0.529319,1.613082,0.7760891, -0.6306234, 0, 0,1
961,50.49641,0,0.008323062,0.529319,1.613082,0.7760891, -0.6306234, 0, 0,1
962,50.52116,0,0.008323062,0.529319,1.613082,0.7760891, -0.6306234, 0, 0,1
963,50.54528,0,0.008323062,0.529319,1.613082,0.7760891, -0.6306234, 0, 0,1
964,50.5701,0,0.008323062,0.529319,1.613082,0.7760891, -0.6306234, 0, 0,1
965,50.59379,0,0.008323062,0.529319,1.613082,0.7760891, -0.6306234, 0, 0,1
966,50.61786,0,0.008323062,0.529319,1.613082,0.7760891, -0.6306234, 0, 0,1
967,50.64219,0,0.008323062,0.529319,1.613082,0.7760891, -0.6306234, 0, 0,1
968,50.68528,0,0.008323062,0.529319,1.613082,0.7760891, -0.6306234, 0, 0,1
969,50.72025,0,0.008323062,0.529319,1.613082,0.7760891, -0.6306234, 0, 0,1
970,50.7578,0,0.008323062,0.529319,1.613082,0.7760891, -0.6306234, 0, 0,1
971,50.79386,0,0.008323062,0.529319,1.613082,0.7760891, -0.6306234, 0, 0,1
